experiment,pod_diameter_m,tube_diameter_m,blockage_ratio,speed_m_s,pressure_atm,stationary_bypass_area_m2,stationary_volume_flow_m3_s,stationary_path_velocity_m_s,stationary_path_mach,stationary_pressure_rise_pa,stationary_shaft_power_w,stationary_energy_kwh_per_vehicle_km,stationary_highly_compressible_path,stationary_minimum_area_for_mach_0_3_m2,onboard_volume_flow_m3_s,onboard_path_velocity_m_s,onboard_path_mach,onboard_pressure_rise_pa,onboard_shaft_power_w,onboard_energy_kwh_per_vehicle_km,onboard_highly_compressible_path,onboard_minimum_area_for_mach_0_3_m2,stationary_to_onboard_power_ratio
D,1.5,2.0,0.5625,50,0.001,0.1,88.35729338221293,883.5729338221292,2.5742733523910233,940.0565295044729,110747.80076438883,0.6152655598021601,True,0.8580911174636745,88.35729338221293,353.4291735288517,1.0297093409564093,150.40904472071568,18985.33727389523,0.10547409596608462,True,0.8580911174636745,5.833333333333332
D,1.5,2.0,0.5625,50,0.001,0.25,88.35729338221293,353.4291735288517,1.0297093409564093,150.40904472071568,17719.648122302217,0.09844248956834566,True,0.8580911174636745,88.35729338221293,353.4291735288517,1.0297093409564093,150.40904472071568,18985.33727389523,0.10547409596608462,True,0.8580911174636745,0.9333333333333333
D,1.5,2.0,0.5625,50,0.001,0.5,88.35729338221293,176.71458676442586,0.5148546704782047,37.60226118017892,4429.912030575554,0.024610622392086414,True,0.8580911174636745,88.35729338221293,353.4291735288517,1.0297093409564093,150.40904472071568,18985.33727389523,0.10547409596608462,True,0.8580911174636745,0.23333333333333334
D,1.5,2.0,0.5625,50,0.001,1.0,88.35729338221293,88.35729338221293,0.25742733523910233,9.40056529504473,1107.4780076438885,0.0061526555980216035,False,0.8580911174636745,88.35729338221293,353.4291735288517,1.0297093409564093,150.40904472071568,18985.33727389523,0.10547409596608462,True,0.8580911174636745,0.058333333333333334
D,1.5,2.0,0.5625,50,0.001,1.5,88.35729338221293,58.90486225480862,0.1716182234927349,4.1780290200198795,492.21244784172814,0.002734513599120712,False,0.8580911174636745,88.35729338221293,353.4291735288517,1.0297093409564093,150.40904472071568,18985.33727389523,0.10547409596608462,True,0.8580911174636745,0.02592592592592592
D,1.5,2.0,0.5625,50,0.001,2.0,88.35729338221293,44.178646691106465,0.12871366761955116,2.3501413237611826,276.86950191097213,0.0015381638995054009,False,0.8580911174636745,88.35729338221293,353.4291735288517,1.0297093409564093,150.40904472071568,18985.33727389523,0.10547409596608462,True,0.8580911174636745,0.014583333333333334
D,1.5,2.0,0.5625,50,0.001,3.0,88.35729338221293,29.45243112740431,0.08580911174636745,1.0445072550049699,123.05311196043203,0.000683628399780178,False,0.8580911174636745,88.35729338221293,353.4291735288517,1.0297093409564093,150.40904472071568,18985.33727389523,0.10547409596608462,True,0.8580911174636745,0.00648148148148148
D,1.5,2.0,0.5625,50,0.001,4.0,88.35729338221293,22.089323345553233,0.06435683380977558,0.5875353309402956,69.21737547774303,0.0003845409748763502,False,0.8580911174636745,88.35729338221293,353.4291735288517,1.0297093409564093,150.40904472071568,18985.33727389523,0.10547409596608462,True,0.8580911174636745,0.0036458333333333334
D,1.5,2.0,0.5625,50,0.003,0.1,88.35729338221293,883.5729338221292,2.5742733523910233,2820.1695885134186,332243.40229316644,1.8457966794064802,True,0.8580911174636745,88.35729338221293,353.4291735288517,1.0297093409564093,451.2271341621471,56956.01182168569,0.3164222878982539,True,0.8580911174636745,5.833333333333331
D,1.5,2.0,0.5625,50,0.003,0.25,88.35729338221293,353.4291735288517,1.0297093409564093,451.2271341621471,53158.944366906646,0.2953274687050369,True,0.8580911174636745,88.35729338221293,353.4291735288517,1.0297093409564093,451.2271341621471,56956.01182168569,0.3164222878982539,True,0.8580911174636745,0.9333333333333333
D,1.5,2.0,0.5625,50,0.003,0.5,88.35729338221293,176.71458676442586,0.5148546704782047,112.80678354053677,13289.736091726661,0.07383186717625922,True,0.8580911174636745,88.35729338221293,353.4291735288517,1.0297093409564093,451.2271341621471,56956.01182168569,0.3164222878982539,True,0.8580911174636745,0.23333333333333334
D,1.5,2.0,0.5625,50,0.003,1.0,88.35729338221293,88.35729338221293,0.25742733523910233,28.201695885134193,3322.4340229316654,0.018457966794064806,False,0.8580911174636745,88.35729338221293,353.4291735288517,1.0297093409564093,451.2271341621471,56956.01182168569,0.3164222878982539,True,0.8580911174636745,0.058333333333333334
D,1.5,2.0,0.5625,50,0.003,1.5,88.35729338221293,58.90486225480862,0.1716182234927349,12.53408706005964,1476.6373435251844,0.008203540797362135,False,0.8580911174636745,88.35729338221293,353.4291735288517,1.0297093409564093,451.2271341621471,56956.01182168569,0.3164222878982539,True,0.8580911174636745,0.02592592592592592
D,1.5,2.0,0.5625,50,0.003,2.0,88.35729338221293,44.178646691106465,0.12871366761955116,7.050423971283548,830.6085057329163,0.0046144916985162016,False,0.8580911174636745,88.35729338221293,353.4291735288517,1.0297093409564093,451.2271341621471,56956.01182168569,0.3164222878982539,True,0.8580911174636745,0.014583333333333334
D,1.5,2.0,0.5625,50,0.003,3.0,88.35729338221293,29.45243112740431,0.08580911174636745,3.13352176501491,369.1593358812961,0.002050885199340534,False,0.8580911174636745,88.35729338221293,353.4291735288517,1.0297093409564093,451.2271341621471,56956.01182168569,0.3164222878982539,True,0.8580911174636745,0.00648148148148148
D,1.5,2.0,0.5625,50,0.003,4.0,88.35729338221293,22.089323345553233,0.06435683380977558,1.762605992820887,207.65212643322909,0.0011536229246290504,False,0.8580911174636745,88.35729338221293,353.4291735288517,1.0297093409564093,451.2271341621471,56956.01182168569,0.3164222878982539,True,0.8580911174636745,0.0036458333333333334
D,1.5,2.0,0.5625,50,0.01,0.1,88.35729338221293,883.5729338221292,2.5742733523910233,9400.565295044727,1107478.007643888,6.1526555980216,True,0.8580911174636745,88.35729338221293,353.4291735288517,1.0297093409564093,1504.0904472071568,189853.3727389523,1.0547409596608461,True,0.8580911174636745,5.83333333333333
D,1.5,2.0,0.5625,50,0.01,0.25,88.35729338221293,353.4291735288517,1.0297093409564093,1504.0904472071568,177196.48122302213,0.9844248956834563,True,0.8580911174636745,88.35729338221293,353.4291735288517,1.0297093409564093,1504.0904472071568,189853.3727389523,1.0547409596608461,True,0.8580911174636745,0.9333333333333331
D,1.5,2.0,0.5625,50,0.01,0.5,88.35729338221293,176.71458676442586,0.5148546704782047,376.0226118017892,44299.12030575553,0.24610622392086406,True,0.8580911174636745,88.35729338221293,353.4291735288517,1.0297093409564093,1504.0904472071568,189853.3727389523,1.0547409596608461,True,0.8580911174636745,0.23333333333333328
D,1.5,2.0,0.5625,50,0.01,1.0,88.35729338221293,88.35729338221293,0.25742733523910233,94.0056529504473,11074.780076438883,0.061526555980216016,False,0.8580911174636745,88.35729338221293,353.4291735288517,1.0297093409564093,1504.0904472071568,189853.3727389523,1.0547409596608461,True,0.8580911174636745,0.05833333333333332
D,1.5,2.0,0.5625,50,0.01,1.5,88.35729338221293,58.90486225480862,0.1716182234927349,41.7802902001988,4922.124478417281,0.027345135991207116,False,0.8580911174636745,88.35729338221293,353.4291735288517,1.0297093409564093,1504.0904472071568,189853.3727389523,1.0547409596608461,True,0.8580911174636745,0.02592592592592592
D,1.5,2.0,0.5625,50,0.01,2.0,88.35729338221293,44.178646691106465,0.12871366761955116,23.501413237611825,2768.6950191097208,0.015381638995054004,False,0.8580911174636745,88.35729338221293,353.4291735288517,1.0297093409564093,1504.0904472071568,189853.3727389523,1.0547409596608461,True,0.8580911174636745,0.01458333333333333
D,1.5,2.0,0.5625,50,0.01,3.0,88.35729338221293,29.45243112740431,0.08580911174636745,10.4450725500497,1230.5311196043203,0.006836283997801779,False,0.8580911174636745,88.35729338221293,353.4291735288517,1.0297093409564093,1504.0904472071568,189853.3727389523,1.0547409596608461,True,0.8580911174636745,0.00648148148148148
D,1.5,2.0,0.5625,50,0.01,4.0,88.35729338221293,22.089323345553233,0.06435683380977558,5.875353309402956,692.1737547774302,0.003845409748763501,False,0.8580911174636745,88.35729338221293,353.4291735288517,1.0297093409564093,1504.0904472071568,189853.3727389523,1.0547409596608461,True,0.8580911174636745,0.0036458333333333325
D,1.5,2.0,0.5625,50,0.03,0.1,88.35729338221293,883.5729338221292,2.5742733523910233,28201.695885134188,3322434.0229316647,18.457966794064802,True,0.8580911174636745,88.35729338221293,353.4291735288517,1.0297093409564093,4512.271341621471,569560.118216857,3.164222878982539,True,0.8580911174636745,5.833333333333332
D,1.5,2.0,0.5625,50,0.03,0.25,88.35729338221293,353.4291735288517,1.0297093409564093,4512.271341621471,531589.4436690664,2.953274687050369,True,0.8580911174636745,88.35729338221293,353.4291735288517,1.0297093409564093,4512.271341621471,569560.118216857,3.164222878982539,True,0.8580911174636745,0.9333333333333332
D,1.5,2.0,0.5625,50,0.03,0.5,88.35729338221293,176.71458676442586,0.5148546704782047,1128.0678354053678,132897.3609172666,0.7383186717625922,True,0.8580911174636745,88.35729338221293,353.4291735288517,1.0297093409564093,4512.271341621471,569560.118216857,3.164222878982539,True,0.8580911174636745,0.2333333333333333
D,1.5,2.0,0.5625,50,0.03,1.0,88.35729338221293,88.35729338221293,0.25742733523910233,282.01695885134194,33224.34022931665,0.18457966794064806,False,0.8580911174636745,88.35729338221293,353.4291735288517,1.0297093409564093,4512.271341621471,569560.118216857,3.164222878982539,True,0.8580911174636745,0.05833333333333333
D,1.5,2.0,0.5625,50,0.03,1.5,88.35729338221293,58.90486225480862,0.1716182234927349,125.3408706005964,14766.373435251844,0.08203540797362135,False,0.8580911174636745,88.35729338221293,353.4291735288517,1.0297093409564093,4512.271341621471,569560.118216857,3.164222878982539,True,0.8580911174636745,0.02592592592592592
D,1.5,2.0,0.5625,50,0.03,2.0,88.35729338221293,44.178646691106465,0.12871366761955116,70.50423971283548,8306.085057329163,0.046144916985162016,False,0.8580911174636745,88.35729338221293,353.4291735288517,1.0297093409564093,4512.271341621471,569560.118216857,3.164222878982539,True,0.8580911174636745,0.014583333333333332
D,1.5,2.0,0.5625,50,0.03,3.0,88.35729338221293,29.45243112740431,0.08580911174636745,31.3352176501491,3691.593358812961,0.02050885199340534,False,0.8580911174636745,88.35729338221293,353.4291735288517,1.0297093409564093,4512.271341621471,569560.118216857,3.164222878982539,True,0.8580911174636745,0.00648148148148148
D,1.5,2.0,0.5625,50,0.03,4.0,88.35729338221293,22.089323345553233,0.06435683380977558,17.62605992820887,2076.5212643322907,0.011536229246290504,False,0.8580911174636745,88.35729338221293,353.4291735288517,1.0297093409564093,4512.271341621471,569560.118216857,3.164222878982539,True,0.8580911174636745,0.003645833333333333
D,1.5,2.0,0.5625,50,0.1,0.1,88.35729338221293,883.5729338221292,2.5742733523910233,94005.65295044729,11074780.076438881,61.52655598021601,True,0.8580911174636745,88.35729338221293,353.4291735288517,1.0297093409564093,15040.904472071568,1898533.727389523,10.547409596608462,True,0.8580911174636745,5.833333333333332
D,1.5,2.0,0.5625,50,0.1,0.25,88.35729338221293,353.4291735288517,1.0297093409564093,15040.904472071568,1771964.8122302212,9.844248956834562,True,0.8580911174636745,88.35729338221293,353.4291735288517,1.0297093409564093,15040.904472071568,1898533.727389523,10.547409596608462,True,0.8580911174636745,0.9333333333333331
D,1.5,2.0,0.5625,50,0.1,0.5,88.35729338221293,176.71458676442586,0.5148546704782047,3760.226118017892,442991.2030575553,2.4610622392086405,True,0.8580911174636745,88.35729338221293,353.4291735288517,1.0297093409564093,15040.904472071568,1898533.727389523,10.547409596608462,True,0.8580911174636745,0.23333333333333328
D,1.5,2.0,0.5625,50,0.1,1.0,88.35729338221293,88.35729338221293,0.25742733523910233,940.056529504473,110747.80076438883,0.6152655598021601,False,0.8580911174636745,88.35729338221293,353.4291735288517,1.0297093409564093,15040.904472071568,1898533.727389523,10.547409596608462,True,0.8580911174636745,0.05833333333333332
D,1.5,2.0,0.5625,50,0.1,1.5,88.35729338221293,58.90486225480862,0.1716182234927349,417.802902001988,49221.24478417282,0.2734513599120712,False,0.8580911174636745,88.35729338221293,353.4291735288517,1.0297093409564093,15040.904472071568,1898533.727389523,10.547409596608462,True,0.8580911174636745,0.025925925925925925
D,1.5,2.0,0.5625,50,0.1,2.0,88.35729338221293,44.178646691106465,0.12871366761955116,235.01413237611825,27686.950191097207,0.15381638995054003,False,0.8580911174636745,88.35729338221293,353.4291735288517,1.0297093409564093,15040.904472071568,1898533.727389523,10.547409596608462,True,0.8580911174636745,0.01458333333333333
D,1.5,2.0,0.5625,50,0.1,3.0,88.35729338221293,29.45243112740431,0.08580911174636745,104.450725500497,12305.311196043205,0.0683628399780178,False,0.8580911174636745,88.35729338221293,353.4291735288517,1.0297093409564093,15040.904472071568,1898533.727389523,10.547409596608462,True,0.8580911174636745,0.006481481481481481
D,1.5,2.0,0.5625,50,0.1,4.0,88.35729338221293,22.089323345553233,0.06435683380977558,58.753533094029564,6921.737547774302,0.03845409748763501,False,0.8580911174636745,88.35729338221293,353.4291735288517,1.0297093409564093,15040.904472071568,1898533.727389523,10.547409596608462,True,0.8580911174636745,0.0036458333333333325
D,1.5,2.0,0.5625,100,0.001,0.1,176.71458676442586,1767.1458676442585,5.148546704782047,3760.2261180178916,885982.4061151106,2.4610622392086405,True,1.716182234927349,176.71458676442586,706.8583470577034,2.0594186819128186,601.6361788828627,151882.69819116185,0.4218963838643385,True,1.716182234927349,5.833333333333332
D,1.5,2.0,0.5625,100,0.001,0.25,176.71458676442586,706.8583470577034,2.0594186819128186,601.6361788828627,141757.18497841773,0.3937699582733826,True,1.716182234927349,176.71458676442586,706.8583470577034,2.0594186819128186,601.6361788828627,151882.69819116185,0.4218963838643385,True,1.716182234927349,0.9333333333333333
D,1.5,2.0,0.5625,100,0.001,0.5,176.71458676442586,353.4291735288517,1.0297093409564093,150.40904472071568,35439.29624460443,0.09844248956834566,True,1.716182234927349,176.71458676442586,706.8583470577034,2.0594186819128186,601.6361788828627,151882.69819116185,0.4218963838643385,True,1.716182234927349,0.23333333333333334
D,1.5,2.0,0.5625,100,0.001,1.0,176.71458676442586,176.71458676442586,0.5148546704782047,37.60226118017892,8859.824061151108,0.024610622392086414,True,1.716182234927349,176.71458676442586,706.8583470577034,2.0594186819128186,601.6361788828627,151882.69819116185,0.4218963838643385,True,1.716182234927349,0.058333333333333334
D,1.5,2.0,0.5625,100,0.001,1.5,176.71458676442586,117.80972450961724,0.3432364469854698,16.712116080079518,3937.699582733825,0.010938054396482847,True,1.716182234927349,176.71458676442586,706.8583470577034,2.0594186819128186,601.6361788828627,151882.69819116185,0.4218963838643385,True,1.716182234927349,0.02592592592592592
D,1.5,2.0,0.5625,100,0.001,2.0,176.71458676442586,88.35729338221293,0.25742733523910233,9.40056529504473,2214.956015287777,0.0061526555980216035,False,1.716182234927349,176.71458676442586,706.8583470577034,2.0594186819128186,601.6361788828627,151882.69819116185,0.4218963838643385,True,1.716182234927349,0.014583333333333334
D,1.5,2.0,0.5625,100,0.001,3.0,176.71458676442586,58.90486225480862,0.1716182234927349,4.1780290200198795,984.4248956834563,0.002734513599120712,False,1.716182234927349,176.71458676442586,706.8583470577034,2.0594186819128186,601.6361788828627,151882.69819116185,0.4218963838643385,True,1.716182234927349,0.00648148148148148
D,1.5,2.0,0.5625,100,0.001,4.0,176.71458676442586,44.178646691106465,0.12871366761955116,2.3501413237611826,553.7390038219443,0.0015381638995054009,False,1.716182234927349,176.71458676442586,706.8583470577034,2.0594186819128186,601.6361788828627,151882.69819116185,0.4218963838643385,True,1.716182234927349,0.0036458333333333334
D,1.5,2.0,0.5625,100,0.003,0.1,176.71458676442586,1767.1458676442585,5.148546704782047,11280.678354053674,2657947.2183453315,7.383186717625921,True,1.716182234927349,176.71458676442586,706.8583470577034,2.0594186819128186,1804.9085366485883,455648.09457348555,1.2656891515930155,True,1.716182234927349,5.833333333333331
D,1.5,2.0,0.5625,100,0.003,0.25,176.71458676442586,706.8583470577034,2.0594186819128186,1804.9085366485883,425271.55493525317,1.1813098748201476,True,1.716182234927349,176.71458676442586,706.8583470577034,2.0594186819128186,1804.9085366485883,455648.09457348555,1.2656891515930155,True,1.716182234927349,0.9333333333333333
D,1.5,2.0,0.5625,100,0.003,0.5,176.71458676442586,353.4291735288517,1.0297093409564093,451.2271341621471,106317.88873381329,0.2953274687050369,True,1.716182234927349,176.71458676442586,706.8583470577034,2.0594186819128186,1804.9085366485883,455648.09457348555,1.2656891515930155,True,1.716182234927349,0.23333333333333334
D,1.5,2.0,0.5625,100,0.003,1.0,176.71458676442586,176.71458676442586,0.5148546704782047,112.80678354053677,26579.472183453323,0.07383186717625922,True,1.716182234927349,176.71458676442586,706.8583470577034,2.0594186819128186,1804.9085366485883,455648.09457348555,1.2656891515930155,True,1.716182234927349,0.058333333333333334
D,1.5,2.0,0.5625,100,0.003,1.5,176.71458676442586,117.80972450961724,0.3432364469854698,50.13634824023856,11813.098748201475,0.03281416318944854,True,1.716182234927349,176.71458676442586,706.8583470577034,2.0594186819128186,1804.9085366485883,455648.09457348555,1.2656891515930155,True,1.716182234927349,0.02592592592592592
D,1.5,2.0,0.5625,100,0.003,2.0,176.71458676442586,88.35729338221293,0.25742733523910233,28.201695885134193,6644.868045863331,0.018457966794064806,False,1.716182234927349,176.71458676442586,706.8583470577034,2.0594186819128186,1804.9085366485883,455648.09457348555,1.2656891515930155,True,1.716182234927349,0.014583333333333334
D,1.5,2.0,0.5625,100,0.003,3.0,176.71458676442586,58.90486225480862,0.1716182234927349,12.53408706005964,2953.274687050369,0.008203540797362135,False,1.716182234927349,176.71458676442586,706.8583470577034,2.0594186819128186,1804.9085366485883,455648.09457348555,1.2656891515930155,True,1.716182234927349,0.00648148148148148
D,1.5,2.0,0.5625,100,0.003,4.0,176.71458676442586,44.178646691106465,0.12871366761955116,7.050423971283548,1661.2170114658327,0.0046144916985162016,False,1.716182234927349,176.71458676442586,706.8583470577034,2.0594186819128186,1804.9085366485883,455648.09457348555,1.2656891515930155,True,1.716182234927349,0.0036458333333333334
D,1.5,2.0,0.5625,100,0.01,0.1,176.71458676442586,1767.1458676442585,5.148546704782047,37602.26118017891,8859824.061151104,24.6106223920864,True,1.716182234927349,176.71458676442586,706.8583470577034,2.0594186819128186,6016.361788828627,1518826.9819116185,4.2189638386433845,True,1.716182234927349,5.83333333333333
D,1.5,2.0,0.5625,100,0.01,0.25,176.71458676442586,706.8583470577034,2.0594186819128186,6016.361788828627,1417571.849784177,3.937699582733825,True,1.716182234927349,176.71458676442586,706.8583470577034,2.0594186819128186,6016.361788828627,1518826.9819116185,4.2189638386433845,True,1.716182234927349,0.9333333333333331
D,1.5,2.0,0.5625,100,0.01,0.5,176.71458676442586,353.4291735288517,1.0297093409564093,1504.0904472071568,354392.96244604426,0.9844248956834563,True,1.716182234927349,176.71458676442586,706.8583470577034,2.0594186819128186,6016.361788828627,1518826.9819116185,4.2189638386433845,True,1.716182234927349,0.23333333333333328
D,1.5,2.0,0.5625,100,0.01,1.0,176.71458676442586,176.71458676442586,0.5148546704782047,376.0226118017892,88598.24061151106,0.24610622392086406,True,1.716182234927349,176.71458676442586,706.8583470577034,2.0594186819128186,6016.361788828627,1518826.9819116185,4.2189638386433845,True,1.716182234927349,0.05833333333333332
D,1.5,2.0,0.5625,100,0.01,1.5,176.71458676442586,117.80972450961724,0.3432364469854698,167.1211608007952,39376.99582733825,0.10938054396482846,True,1.716182234927349,176.71458676442586,706.8583470577034,2.0594186819128186,6016.361788828627,1518826.9819116185,4.2189638386433845,True,1.716182234927349,0.02592592592592592
D,1.5,2.0,0.5625,100,0.01,2.0,176.71458676442586,88.35729338221293,0.25742733523910233,94.0056529504473,22149.560152877766,0.061526555980216016,False,1.716182234927349,176.71458676442586,706.8583470577034,2.0594186819128186,6016.361788828627,1518826.9819116185,4.2189638386433845,True,1.716182234927349,0.01458333333333333
D,1.5,2.0,0.5625,100,0.01,3.0,176.71458676442586,58.90486225480862,0.1716182234927349,41.7802902001988,9844.248956834563,0.027345135991207116,False,1.716182234927349,176.71458676442586,706.8583470577034,2.0594186819128186,6016.361788828627,1518826.9819116185,4.2189638386433845,True,1.716182234927349,0.00648148148148148
D,1.5,2.0,0.5625,100,0.01,4.0,176.71458676442586,44.178646691106465,0.12871366761955116,23.501413237611825,5537.3900382194415,0.015381638995054004,False,1.716182234927349,176.71458676442586,706.8583470577034,2.0594186819128186,6016.361788828627,1518826.9819116185,4.2189638386433845,True,1.716182234927349,0.0036458333333333325
D,1.5,2.0,0.5625,100,0.03,0.1,176.71458676442586,1767.1458676442585,5.148546704782047,112806.78354053675,26579472.183453318,73.83186717625921,True,1.716182234927349,176.71458676442586,706.8583470577034,2.0594186819128186,18049.085366485884,4556480.945734856,12.656891515930155,True,1.716182234927349,5.833333333333332
D,1.5,2.0,0.5625,100,0.03,0.25,176.71458676442586,706.8583470577034,2.0594186819128186,18049.085366485884,4252715.549352531,11.813098748201476,True,1.716182234927349,176.71458676442586,706.8583470577034,2.0594186819128186,18049.085366485884,4556480.945734856,12.656891515930155,True,1.716182234927349,0.9333333333333332
D,1.5,2.0,0.5625,100,0.03,0.5,176.71458676442586,353.4291735288517,1.0297093409564093,4512.271341621471,1063178.8873381328,2.953274687050369,True,1.716182234927349,176.71458676442586,706.8583470577034,2.0594186819128186,18049.085366485884,4556480.945734856,12.656891515930155,True,1.716182234927349,0.2333333333333333
D,1.5,2.0,0.5625,100,0.03,1.0,176.71458676442586,176.71458676442586,0.5148546704782047,1128.0678354053678,265794.7218345332,0.7383186717625922,True,1.716182234927349,176.71458676442586,706.8583470577034,2.0594186819128186,18049.085366485884,4556480.945734856,12.656891515930155,True,1.716182234927349,0.05833333333333333
D,1.5,2.0,0.5625,100,0.03,1.5,176.71458676442586,117.80972450961724,0.3432364469854698,501.3634824023856,118130.98748201475,0.3281416318944854,True,1.716182234927349,176.71458676442586,706.8583470577034,2.0594186819128186,18049.085366485884,4556480.945734856,12.656891515930155,True,1.716182234927349,0.02592592592592592
D,1.5,2.0,0.5625,100,0.03,2.0,176.71458676442586,88.35729338221293,0.25742733523910233,282.01695885134194,66448.6804586333,0.18457966794064806,False,1.716182234927349,176.71458676442586,706.8583470577034,2.0594186819128186,18049.085366485884,4556480.945734856,12.656891515930155,True,1.716182234927349,0.014583333333333332
D,1.5,2.0,0.5625,100,0.03,3.0,176.71458676442586,58.90486225480862,0.1716182234927349,125.3408706005964,29532.746870503688,0.08203540797362135,False,1.716182234927349,176.71458676442586,706.8583470577034,2.0594186819128186,18049.085366485884,4556480.945734856,12.656891515930155,True,1.716182234927349,0.00648148148148148
D,1.5,2.0,0.5625,100,0.03,4.0,176.71458676442586,44.178646691106465,0.12871366761955116,70.50423971283548,16612.170114658325,0.046144916985162016,False,1.716182234927349,176.71458676442586,706.8583470577034,2.0594186819128186,18049.085366485884,4556480.945734856,12.656891515930155,True,1.716182234927349,0.003645833333333333
D,1.5,2.0,0.5625,100,0.1,0.1,176.71458676442586,1767.1458676442585,5.148546704782047,376022.61180178914,88598240.61151105,246.10622392086404,True,1.716182234927349,176.71458676442586,706.8583470577034,2.0594186819128186,60163.61788828627,15188269.819116184,42.18963838643385,True,1.716182234927349,5.833333333333332
D,1.5,2.0,0.5625,100,0.1,0.25,176.71458676442586,706.8583470577034,2.0594186819128186,60163.61788828627,14175718.49784177,39.37699582733825,True,1.716182234927349,176.71458676442586,706.8583470577034,2.0594186819128186,60163.61788828627,15188269.819116184,42.18963838643385,True,1.716182234927349,0.9333333333333331
D,1.5,2.0,0.5625,100,0.1,0.5,176.71458676442586,353.4291735288517,1.0297093409564093,15040.904472071568,3543929.6244604425,9.844248956834562,True,1.716182234927349,176.71458676442586,706.8583470577034,2.0594186819128186,60163.61788828627,15188269.819116184,42.18963838643385,True,1.716182234927349,0.23333333333333328
D,1.5,2.0,0.5625,100,0.1,1.0,176.71458676442586,176.71458676442586,0.5148546704782047,3760.226118017892,885982.4061151106,2.4610622392086405,True,1.716182234927349,176.71458676442586,706.8583470577034,2.0594186819128186,60163.61788828627,15188269.819116184,42.18963838643385,True,1.716182234927349,0.05833333333333332
D,1.5,2.0,0.5625,100,0.1,1.5,176.71458676442586,117.80972450961724,0.3432364469854698,1671.211608007952,393769.95827338257,1.0938054396482848,True,1.716182234927349,176.71458676442586,706.8583470577034,2.0594186819128186,60163.61788828627,15188269.819116184,42.18963838643385,True,1.716182234927349,0.025925925925925925
D,1.5,2.0,0.5625,100,0.1,2.0,176.71458676442586,88.35729338221293,0.25742733523910233,940.056529504473,221495.60152877765,0.6152655598021601,False,1.716182234927349,176.71458676442586,706.8583470577034,2.0594186819128186,60163.61788828627,15188269.819116184,42.18963838643385,True,1.716182234927349,0.01458333333333333
D,1.5,2.0,0.5625,100,0.1,3.0,176.71458676442586,58.90486225480862,0.1716182234927349,417.802902001988,98442.48956834564,0.2734513599120712,False,1.716182234927349,176.71458676442586,706.8583470577034,2.0594186819128186,60163.61788828627,15188269.819116184,42.18963838643385,True,1.716182234927349,0.006481481481481481
D,1.5,2.0,0.5625,100,0.1,4.0,176.71458676442586,44.178646691106465,0.12871366761955116,235.01413237611825,55373.90038219441,0.15381638995054003,False,1.716182234927349,176.71458676442586,706.8583470577034,2.0594186819128186,60163.61788828627,15188269.819116184,42.18963838643385,True,1.716182234927349,0.0036458333333333325
D,1.5,2.0,0.5625,150,0.001,0.1,265.0718801466388,2650.718801466388,7.72282005717307,8460.508765540257,2990190.620638499,5.537390038219443,True,2.5742733523910237,265.0718801466388,1060.2875205865553,3.0891280228692284,1353.6814024864414,512604.1063951714,0.9492668636947618,True,2.5742733523910237,5.833333333333332
D,1.5,2.0,0.5625,150,0.001,0.25,265.0718801466388,1060.2875205865553,3.0891280228692284,1353.6814024864414,478430.49930215994,0.885982406115111,True,2.5742733523910237,265.0718801466388,1060.2875205865553,3.0891280228692284,1353.6814024864414,512604.1063951714,0.9492668636947618,True,2.5742733523910237,0.9333333333333333
D,1.5,2.0,0.5625,150,0.001,0.5,265.0718801466388,530.1437602932776,1.5445640114346142,338.42035062161034,119607.62482553998,0.22149560152877776,True,2.5742733523910237,265.0718801466388,1060.2875205865553,3.0891280228692284,1353.6814024864414,512604.1063951714,0.9492668636947618,True,2.5742733523910237,0.23333333333333334
D,1.5,2.0,0.5625,150,0.001,1.0,265.0718801466388,265.0718801466388,0.7722820057173071,84.60508765540258,29901.906206384996,0.05537390038219444,True,2.5742733523910237,265.0718801466388,1060.2875205865553,3.0891280228692284,1353.6814024864414,512604.1063951714,0.9492668636947618,True,2.5742733523910237,0.058333333333333334
D,1.5,2.0,0.5625,150,0.001,1.5,265.0718801466388,176.7145867644259,0.5148546704782048,37.60226118017893,13289.736091726665,0.024610622392086418,True,2.5742733523910237,265.0718801466388,1060.2875205865553,3.0891280228692284,1353.6814024864414,512604.1063951714,0.9492668636947618,True,2.5742733523910237,0.025925925925925925
D,1.5,2.0,0.5625,150,0.001,2.0,265.0718801466388,132.5359400733194,0.38614100285865355,21.151271913850646,7475.476551596249,0.01384347509554861,True,2.5742733523910237,265.0718801466388,1060.2875205865553,3.0891280228692284,1353.6814024864414,512604.1063951714,0.9492668636947618,True,2.5742733523910237,0.014583333333333334
D,1.5,2.0,0.5625,150,0.001,3.0,265.0718801466388,88.35729338221294,0.2574273352391024,9.400565295044732,3322.4340229316663,0.006152655598021604,False,2.5742733523910237,265.0718801466388,1060.2875205865553,3.0891280228692284,1353.6814024864414,512604.1063951714,0.9492668636947618,True,2.5742733523910237,0.006481481481481481
D,1.5,2.0,0.5625,150,0.001,4.0,265.0718801466388,66.2679700366597,0.19307050142932677,5.2878179784626616,1868.8691378990623,0.0034608687738871525,False,2.5742733523910237,265.0718801466388,1060.2875205865553,3.0891280228692284,1353.6814024864414,512604.1063951714,0.9492668636947618,True,2.5742733523910237,0.0036458333333333334
D,1.5,2.0,0.5625,150,0.003,0.1,265.0718801466388,2650.718801466388,7.72282005717307,25381.526296620774,8970571.861915497,16.612170114658326,True,2.5742733523910237,265.0718801466388,1060.2875205865553,3.0891280228692284,4061.0442074593243,1537812.319185514,2.847800591084285,True,2.5742733523910237,5.833333333333332
D,1.5,2.0,0.5625,150,0.003,0.25,265.0718801466388,1060.2875205865553,3.0891280228692284,4061.0442074593243,1435291.4979064798,2.657947218345333,True,2.5742733523910237,265.0718801466388,1060.2875205865553,3.0891280228692284,4061.0442074593243,1537812.319185514,2.847800591084285,True,2.5742733523910237,0.9333333333333333
D,1.5,2.0,0.5625,150,0.003,0.5,265.0718801466388,530.1437602932776,1.5445640114346142,1015.2610518648311,358822.87447661994,0.6644868045863332,True,2.5742733523910237,265.0718801466388,1060.2875205865553,3.0891280228692284,4061.0442074593243,1537812.319185514,2.847800591084285,True,2.5742733523910237,0.23333333333333334
D,1.5,2.0,0.5625,150,0.003,1.0,265.0718801466388,265.0718801466388,0.7722820057173071,253.81526296620777,89705.71861915498,0.1661217011465833,True,2.5742733523910237,265.0718801466388,1060.2875205865553,3.0891280228692284,4061.0442074593243,1537812.319185514,2.847800591084285,True,2.5742733523910237,0.058333333333333334
D,1.5,2.0,0.5625,150,0.003,1.5,265.0718801466388,176.7145867644259,0.5148546704782048,112.8067835405368,39869.20827518,0.07383186717625925,True,2.5742733523910237,265.0718801466388,1060.2875205865553,3.0891280228692284,4061.0442074593243,1537812.319185514,2.847800591084285,True,2.5742733523910237,0.02592592592592593
D,1.5,2.0,0.5625,150,0.003,2.0,265.0718801466388,132.5359400733194,0.38614100285865355,63.45381574155194,22426.429654788746,0.04153042528664583,True,2.5742733523910237,265.0718801466388,1060.2875205865553,3.0891280228692284,4061.0442074593243,1537812.319185514,2.847800591084285,True,2.5742733523910237,0.014583333333333334
D,1.5,2.0,0.5625,150,0.003,3.0,265.0718801466388,88.35729338221294,0.2574273352391024,28.2016958851342,9967.302068795,0.018457966794064813,False,2.5742733523910237,265.0718801466388,1060.2875205865553,3.0891280228692284,4061.0442074593243,1537812.319185514,2.847800591084285,True,2.5742733523910237,0.006481481481481482
D,1.5,2.0,0.5625,150,0.003,4.0,265.0718801466388,66.2679700366597,0.19307050142932677,15.863453935387986,5606.6074136971865,0.010382606321661457,False,2.5742733523910237,265.0718801466388,1060.2875205865553,3.0891280228692284,4061.0442074593243,1537812.319185514,2.847800591084285,True,2.5742733523910237,0.0036458333333333334
D,1.5,2.0,0.5625,150,0.01,0.1,265.0718801466388,2650.718801466388,7.72282005717307,84605.08765540257,29901906.20638499,55.37390038219443,True,2.5742733523910237,265.0718801466388,1060.2875205865553,3.0891280228692284,13536.814024864412,5126041.063951713,9.492668636947617,True,2.5742733523910237,5.833333333333333
D,1.5,2.0,0.5625,150,0.01,0.25,265.0718801466388,1060.2875205865553,3.0891280228692284,13536.814024864412,4784304.993021599,8.859824061151109,True,2.5742733523910237,265.0718801466388,1060.2875205865553,3.0891280228692284,13536.814024864412,5126041.063951713,9.492668636947617,True,2.5742733523910237,0.9333333333333333
D,1.5,2.0,0.5625,150,0.01,0.5,265.0718801466388,530.1437602932776,1.5445640114346142,3384.203506216103,1196076.2482553998,2.214956015287777,True,2.5742733523910237,265.0718801466388,1060.2875205865553,3.0891280228692284,13536.814024864412,5126041.063951713,9.492668636947617,True,2.5742733523910237,0.23333333333333334
D,1.5,2.0,0.5625,150,0.01,1.0,265.0718801466388,265.0718801466388,0.7722820057173071,846.0508765540258,299019.06206384994,0.5537390038219443,True,2.5742733523910237,265.0718801466388,1060.2875205865553,3.0891280228692284,13536.814024864412,5126041.063951713,9.492668636947617,True,2.5742733523910237,0.058333333333333334
D,1.5,2.0,0.5625,150,0.01,1.5,265.0718801466388,176.7145867644259,0.5148546704782048,376.02261180178925,132897.36091726663,0.24610622392086412,True,2.5742733523910237,265.0718801466388,1060.2875205865553,3.0891280228692284,13536.814024864412,5126041.063951713,9.492668636947617,True,2.5742733523910237,0.025925925925925925
D,1.5,2.0,0.5625,150,0.01,2.0,265.0718801466388,132.5359400733194,0.38614100285865355,211.51271913850644,74754.76551596248,0.13843475095548607,True,2.5742733523910237,265.0718801466388,1060.2875205865553,3.0891280228692284,13536.814024864412,5126041.063951713,9.492668636947617,True,2.5742733523910237,0.014583333333333334
D,1.5,2.0,0.5625,150,0.01,3.0,265.0718801466388,88.35729338221294,0.2574273352391024,94.00565295044731,33224.34022931666,0.06152655598021603,False,2.5742733523910237,265.0718801466388,1060.2875205865553,3.0891280228692284,13536.814024864412,5126041.063951713,9.492668636947617,True,2.5742733523910237,0.006481481481481481
D,1.5,2.0,0.5625,150,0.01,4.0,265.0718801466388,66.2679700366597,0.19307050142932677,52.87817978462661,18688.69137899062,0.03460868773887152,False,2.5742733523910237,265.0718801466388,1060.2875205865553,3.0891280228692284,13536.814024864412,5126041.063951713,9.492668636947617,True,2.5742733523910237,0.0036458333333333334
D,1.5,2.0,0.5625,150,0.03,0.1,265.0718801466388,2650.718801466388,7.72282005717307,253815.26296620772,89705718.61915497,166.1217011465833,True,2.5742733523910237,265.0718801466388,1060.2875205865553,3.0891280228692284,40610.442074593244,15378123.191855142,28.478005910842857,True,2.5742733523910237,5.833333333333332
D,1.5,2.0,0.5625,150,0.03,0.25,265.0718801466388,1060.2875205865553,3.0891280228692284,40610.442074593244,14352914.979064798,26.57947218345333,True,2.5742733523910237,265.0718801466388,1060.2875205865553,3.0891280228692284,40610.442074593244,15378123.191855142,28.478005910842857,True,2.5742733523910237,0.9333333333333332
D,1.5,2.0,0.5625,150,0.03,0.5,265.0718801466388,530.1437602932776,1.5445640114346142,10152.610518648311,3588228.7447661995,6.6448680458633325,True,2.5742733523910237,265.0718801466388,1060.2875205865553,3.0891280228692284,40610.442074593244,15378123.191855142,28.478005910842857,True,2.5742733523910237,0.2333333333333333
D,1.5,2.0,0.5625,150,0.03,1.0,265.0718801466388,265.0718801466388,0.7722820057173071,2538.1526296620777,897057.1861915499,1.6612170114658331,True,2.5742733523910237,265.0718801466388,1060.2875205865553,3.0891280228692284,40610.442074593244,15378123.191855142,28.478005910842857,True,2.5742733523910237,0.05833333333333333
D,1.5,2.0,0.5625,150,0.03,1.5,265.0718801466388,176.7145867644259,0.5148546704782048,1128.067835405368,398692.0827518,0.7383186717625927,True,2.5742733523910237,265.0718801466388,1060.2875205865553,3.0891280228692284,40610.442074593244,15378123.191855142,28.478005910842857,True,2.5742733523910237,0.02592592592592593
D,1.5,2.0,0.5625,150,0.03,2.0,265.0718801466388,132.5359400733194,0.38614100285865355,634.5381574155194,224264.29654788747,0.4153042528664583,True,2.5742733523910237,265.0718801466388,1060.2875205865553,3.0891280228692284,40610.442074593244,15378123.191855142,28.478005910842857,True,2.5742733523910237,0.014583333333333332
D,1.5,2.0,0.5625,150,0.03,3.0,265.0718801466388,88.35729338221294,0.2574273352391024,282.016958851342,99673.02068795,0.18457966794064817,False,2.5742733523910237,265.0718801466388,1060.2875205865553,3.0891280228692284,40610.442074593244,15378123.191855142,28.478005910842857,True,2.5742733523910237,0.006481481481481482
D,1.5,2.0,0.5625,150,0.03,4.0,265.0718801466388,66.2679700366597,0.19307050142932677,158.63453935387986,56066.07413697187,0.10382606321661457,False,2.5742733523910237,265.0718801466388,1060.2875205865553,3.0891280228692284,40610.442074593244,15378123.191855142,28.478005910842857,True,2.5742733523910237,0.003645833333333333
D,1.5,2.0,0.5625,150,0.1,0.1,265.0718801466388,2650.718801466388,7.72282005717307,846050.8765540258,299019062.0638499,553.7390038219443,True,2.5742733523910237,265.0718801466388,1060.2875205865553,3.0891280228692284,135368.14024864414,51260410.63951714,94.9266863694762,True,2.5742733523910237,5.833333333333332
D,1.5,2.0,0.5625,150,0.1,0.25,265.0718801466388,1060.2875205865553,3.0891280228692284,135368.14024864414,47843049.93021599,88.59824061151109,True,2.5742733523910237,265.0718801466388,1060.2875205865553,3.0891280228692284,135368.14024864414,51260410.63951714,94.9266863694762,True,2.5742733523910237,0.9333333333333331
D,1.5,2.0,0.5625,150,0.1,0.5,265.0718801466388,530.1437602932776,1.5445640114346142,33842.035062161034,11960762.482553998,22.149560152877772,True,2.5742733523910237,265.0718801466388,1060.2875205865553,3.0891280228692284,135368.14024864414,51260410.63951714,94.9266863694762,True,2.5742733523910237,0.23333333333333328
D,1.5,2.0,0.5625,150,0.1,1.0,265.0718801466388,265.0718801466388,0.7722820057173071,8460.508765540259,2990190.6206384995,5.537390038219443,True,2.5742733523910237,265.0718801466388,1060.2875205865553,3.0891280228692284,135368.14024864414,51260410.63951714,94.9266863694762,True,2.5742733523910237,0.05833333333333332
D,1.5,2.0,0.5625,150,0.1,1.5,265.0718801466388,176.7145867644259,0.5148546704782048,3760.226118017893,1328973.6091726664,2.461062239208642,True,2.5742733523910237,265.0718801466388,1060.2875205865553,3.0891280228692284,135368.14024864414,51260410.63951714,94.9266863694762,True,2.5742733523910237,0.02592592592592592
D,1.5,2.0,0.5625,150,0.1,2.0,265.0718801466388,132.5359400733194,0.38614100285865355,2115.1271913850646,747547.6551596249,1.3843475095548607,True,2.5742733523910237,265.0718801466388,1060.2875205865553,3.0891280228692284,135368.14024864414,51260410.63951714,94.9266863694762,True,2.5742733523910237,0.01458333333333333
D,1.5,2.0,0.5625,150,0.1,3.0,265.0718801466388,88.35729338221294,0.2574273352391024,940.0565295044732,332243.4022931666,0.6152655598021605,False,2.5742733523910237,265.0718801466388,1060.2875205865553,3.0891280228692284,135368.14024864414,51260410.63951714,94.9266863694762,True,2.5742733523910237,0.00648148148148148
D,1.5,2.0,0.5625,150,0.1,4.0,265.0718801466388,66.2679700366597,0.19307050142932677,528.7817978462662,186886.91378990622,0.3460868773887152,False,2.5742733523910237,265.0718801466388,1060.2875205865553,3.0891280228692284,135368.14024864414,51260410.63951714,94.9266863694762,True,2.5742733523910237,0.0036458333333333325
D,1.5,2.0,0.5625,200,0.001,0.1,353.4291735288517,3534.291735288517,10.297093409564093,15040.904472071566,7087859.248920885,9.844248956834562,True,3.432364469854698,353.4291735288517,1413.7166941154069,4.118837363825637,2406.544715531451,1215061.5855292948,1.687585535457354,True,3.432364469854698,5.833333333333332
D,1.5,2.0,0.5625,200,0.001,0.25,353.4291735288517,1413.7166941154069,4.118837363825637,2406.544715531451,1134057.4798273419,1.5750798330935305,True,3.432364469854698,353.4291735288517,1413.7166941154069,4.118837363825637,2406.544715531451,1215061.5855292948,1.687585535457354,True,3.432364469854698,0.9333333333333333
D,1.5,2.0,0.5625,200,0.001,0.5,353.4291735288517,706.8583470577034,2.0594186819128186,601.6361788828627,283514.36995683546,0.3937699582733826,True,3.432364469854698,353.4291735288517,1413.7166941154069,4.118837363825637,2406.544715531451,1215061.5855292948,1.687585535457354,True,3.432364469854698,0.23333333333333334
D,1.5,2.0,0.5625,200,0.001,1.0,353.4291735288517,353.4291735288517,1.0297093409564093,150.40904472071568,70878.59248920887,0.09844248956834566,True,3.432364469854698,353.4291735288517,1413.7166941154069,4.118837363825637,2406.544715531451,1215061.5855292948,1.687585535457354,True,3.432364469854698,0.058333333333333334
D,1.5,2.0,0.5625,200,0.001,1.5,353.4291735288517,235.61944901923448,0.6864728939709396,66.84846432031807,31501.5966618706,0.04375221758593139,True,3.432364469854698,353.4291735288517,1413.7166941154069,4.118837363825637,2406.544715531451,1215061.5855292948,1.687585535457354,True,3.432364469854698,0.02592592592592592
D,1.5,2.0,0.5625,200,0.001,2.0,353.4291735288517,176.71458676442586,0.5148546704782047,37.60226118017892,17719.648122302217,0.024610622392086414,True,3.432364469854698,353.4291735288517,1413.7166941154069,4.118837363825637,2406.544715531451,1215061.5855292948,1.687585535457354,True,3.432364469854698,0.014583333333333334
D,1.5,2.0,0.5625,200,0.001,3.0,353.4291735288517,117.80972450961724,0.3432364469854698,16.712116080079518,7875.39916546765,0.010938054396482847,True,3.432364469854698,353.4291735288517,1413.7166941154069,4.118837363825637,2406.544715531451,1215061.5855292948,1.687585535457354,True,3.432364469854698,0.00648148148148148
D,1.5,2.0,0.5625,200,0.001,4.0,353.4291735288517,88.35729338221293,0.25742733523910233,9.40056529504473,4429.912030575554,0.0061526555980216035,False,3.432364469854698,353.4291735288517,1413.7166941154069,4.118837363825637,2406.544715531451,1215061.5855292948,1.687585535457354,True,3.432364469854698,0.0036458333333333334
D,1.5,2.0,0.5625,200,0.003,0.1,353.4291735288517,3534.291735288517,10.297093409564093,45122.7134162147,21263577.746762652,29.532746870503683,True,3.432364469854698,353.4291735288517,1413.7166941154069,4.118837363825637,7219.634146594353,3645184.7565878844,5.062756606372062,True,3.432364469854698,5.833333333333331
D,1.5,2.0,0.5625,200,0.003,0.25,353.4291735288517,1413.7166941154069,4.118837363825637,7219.634146594353,3402172.4394820253,4.72523949928059,True,3.432364469854698,353.4291735288517,1413.7166941154069,4.118837363825637,7219.634146594353,3645184.7565878844,5.062756606372062,True,3.432364469854698,0.9333333333333333
D,1.5,2.0,0.5625,200,0.003,0.5,353.4291735288517,706.8583470577034,2.0594186819128186,1804.9085366485883,850543.1098705063,1.1813098748201476,True,3.432364469854698,353.4291735288517,1413.7166941154069,4.118837363825637,7219.634146594353,3645184.7565878844,5.062756606372062,True,3.432364469854698,0.23333333333333334
D,1.5,2.0,0.5625,200,0.003,1.0,353.4291735288517,353.4291735288517,1.0297093409564093,451.2271341621471,212635.77746762658,0.2953274687050369,True,3.432364469854698,353.4291735288517,1413.7166941154069,4.118837363825637,7219.634146594353,3645184.7565878844,5.062756606372062,True,3.432364469854698,0.058333333333333334
D,1.5,2.0,0.5625,200,0.003,1.5,353.4291735288517,235.61944901923448,0.6864728939709396,200.54539296095425,94504.7899856118,0.13125665275779416,True,3.432364469854698,353.4291735288517,1413.7166941154069,4.118837363825637,7219.634146594353,3645184.7565878844,5.062756606372062,True,3.432364469854698,0.02592592592592592
D,1.5,2.0,0.5625,200,0.003,2.0,353.4291735288517,176.71458676442586,0.5148546704782047,112.80678354053677,53158.944366906646,0.07383186717625922,True,3.432364469854698,353.4291735288517,1413.7166941154069,4.118837363825637,7219.634146594353,3645184.7565878844,5.062756606372062,True,3.432364469854698,0.014583333333333334
D,1.5,2.0,0.5625,200,0.003,3.0,353.4291735288517,117.80972450961724,0.3432364469854698,50.13634824023856,23626.19749640295,0.03281416318944854,True,3.432364469854698,353.4291735288517,1413.7166941154069,4.118837363825637,7219.634146594353,3645184.7565878844,5.062756606372062,True,3.432364469854698,0.00648148148148148
D,1.5,2.0,0.5625,200,0.003,4.0,353.4291735288517,88.35729338221293,0.25742733523910233,28.201695885134193,13289.736091726661,0.018457966794064806,False,3.432364469854698,353.4291735288517,1413.7166941154069,4.118837363825637,7219.634146594353,3645184.7565878844,5.062756606372062,True,3.432364469854698,0.0036458333333333334
D,1.5,2.0,0.5625,200,0.01,0.1,353.4291735288517,3534.291735288517,10.297093409564093,150409.04472071564,70878592.48920883,98.4424895683456,True,3.432364469854698,353.4291735288517,1413.7166941154069,4.118837363825637,24065.44715531451,12150615.855292948,16.875855354573538,True,3.432364469854698,5.83333333333333
D,1.5,2.0,0.5625,200,0.01,0.25,353.4291735288517,1413.7166941154069,4.118837363825637,24065.44715531451,11340574.798273416,15.7507983309353,True,3.432364469854698,353.4291735288517,1413.7166941154069,4.118837363825637,24065.44715531451,12150615.855292948,16.875855354573538,True,3.432364469854698,0.9333333333333331
D,1.5,2.0,0.5625,200,0.01,0.5,353.4291735288517,706.8583470577034,2.0594186819128186,6016.361788828627,2835143.699568354,3.937699582733825,True,3.432364469854698,353.4291735288517,1413.7166941154069,4.118837363825637,24065.44715531451,12150615.855292948,16.875855354573538,True,3.432364469854698,0.23333333333333328
D,1.5,2.0,0.5625,200,0.01,1.0,353.4291735288517,353.4291735288517,1.0297093409564093,1504.0904472071568,708785.9248920885,0.9844248956834563,True,3.432364469854698,353.4291735288517,1413.7166941154069,4.118837363825637,24065.44715531451,12150615.855292948,16.875855354573538,True,3.432364469854698,0.05833333333333332
D,1.5,2.0,0.5625,200,0.01,1.5,353.4291735288517,235.61944901923448,0.6864728939709396,668.4846432031808,315015.966618706,0.43752217585931386,True,3.432364469854698,353.4291735288517,1413.7166941154069,4.118837363825637,24065.44715531451,12150615.855292948,16.875855354573538,True,3.432364469854698,0.02592592592592592
D,1.5,2.0,0.5625,200,0.01,2.0,353.4291735288517,176.71458676442586,0.5148546704782047,376.0226118017892,177196.48122302213,0.24610622392086406,True,3.432364469854698,353.4291735288517,1413.7166941154069,4.118837363825637,24065.44715531451,12150615.855292948,16.875855354573538,True,3.432364469854698,0.01458333333333333
D,1.5,2.0,0.5625,200,0.01,3.0,353.4291735288517,117.80972450961724,0.3432364469854698,167.1211608007952,78753.9916546765,0.10938054396482846,True,3.432364469854698,353.4291735288517,1413.7166941154069,4.118837363825637,24065.44715531451,12150615.855292948,16.875855354573538,True,3.432364469854698,0.00648148148148148
D,1.5,2.0,0.5625,200,0.01,4.0,353.4291735288517,88.35729338221293,0.25742733523910233,94.0056529504473,44299.12030575553,0.061526555980216016,False,3.432364469854698,353.4291735288517,1413.7166941154069,4.118837363825637,24065.44715531451,12150615.855292948,16.875855354573538,True,3.432364469854698,0.0036458333333333325
D,1.5,2.0,0.5625,200,0.03,0.1,353.4291735288517,3534.291735288517,10.297093409564093,451227.134162147,212635777.46762654,295.32746870503684,True,3.432364469854698,353.4291735288517,1413.7166941154069,4.118837363825637,72196.34146594354,36451847.565878846,50.62756606372062,True,3.432364469854698,5.833333333333332
D,1.5,2.0,0.5625,200,0.03,0.25,353.4291735288517,1413.7166941154069,4.118837363825637,72196.34146594354,34021724.39482025,47.252394992805904,True,3.432364469854698,353.4291735288517,1413.7166941154069,4.118837363825637,72196.34146594354,36451847.565878846,50.62756606372062,True,3.432364469854698,0.9333333333333332
D,1.5,2.0,0.5625,200,0.03,0.5,353.4291735288517,706.8583470577034,2.0594186819128186,18049.085366485884,8505431.098705063,11.813098748201476,True,3.432364469854698,353.4291735288517,1413.7166941154069,4.118837363825637,72196.34146594354,36451847.565878846,50.62756606372062,True,3.432364469854698,0.2333333333333333
D,1.5,2.0,0.5625,200,0.03,1.0,353.4291735288517,353.4291735288517,1.0297093409564093,4512.271341621471,2126357.7746762657,2.953274687050369,True,3.432364469854698,353.4291735288517,1413.7166941154069,4.118837363825637,72196.34146594354,36451847.565878846,50.62756606372062,True,3.432364469854698,0.05833333333333333
D,1.5,2.0,0.5625,200,0.03,1.5,353.4291735288517,235.61944901923448,0.6864728939709396,2005.4539296095425,945047.899856118,1.3125665275779417,True,3.432364469854698,353.4291735288517,1413.7166941154069,4.118837363825637,72196.34146594354,36451847.565878846,50.62756606372062,True,3.432364469854698,0.02592592592592592
D,1.5,2.0,0.5625,200,0.03,2.0,353.4291735288517,176.71458676442586,0.5148546704782047,1128.0678354053678,531589.4436690664,0.7383186717625922,True,3.432364469854698,353.4291735288517,1413.7166941154069,4.118837363825637,72196.34146594354,36451847.565878846,50.62756606372062,True,3.432364469854698,0.014583333333333332
D,1.5,2.0,0.5625,200,0.03,3.0,353.4291735288517,117.80972450961724,0.3432364469854698,501.3634824023856,236261.9749640295,0.3281416318944854,True,3.432364469854698,353.4291735288517,1413.7166941154069,4.118837363825637,72196.34146594354,36451847.565878846,50.62756606372062,True,3.432364469854698,0.00648148148148148
D,1.5,2.0,0.5625,200,0.03,4.0,353.4291735288517,88.35729338221293,0.25742733523910233,282.01695885134194,132897.3609172666,0.18457966794064806,False,3.432364469854698,353.4291735288517,1413.7166941154069,4.118837363825637,72196.34146594354,36451847.565878846,50.62756606372062,True,3.432364469854698,0.003645833333333333
D,1.5,2.0,0.5625,200,0.1,0.1,353.4291735288517,3534.291735288517,10.297093409564093,1504090.4472071566,708785924.8920884,984.4248956834562,True,3.432364469854698,353.4291735288517,1413.7166941154069,4.118837363825637,240654.4715531451,121506158.55292948,168.7585535457354,True,3.432364469854698,5.833333333333332
D,1.5,2.0,0.5625,200,0.1,0.25,353.4291735288517,1413.7166941154069,4.118837363825637,240654.4715531451,113405747.98273416,157.507983309353,True,3.432364469854698,353.4291735288517,1413.7166941154069,4.118837363825637,240654.4715531451,121506158.55292948,168.7585535457354,True,3.432364469854698,0.9333333333333331
D,1.5,2.0,0.5625,200,0.1,0.5,353.4291735288517,706.8583470577034,2.0594186819128186,60163.61788828627,28351436.99568354,39.37699582733825,True,3.432364469854698,353.4291735288517,1413.7166941154069,4.118837363825637,240654.4715531451,121506158.55292948,168.7585535457354,True,3.432364469854698,0.23333333333333328
D,1.5,2.0,0.5625,200,0.1,1.0,353.4291735288517,353.4291735288517,1.0297093409564093,15040.904472071568,7087859.248920885,9.844248956834562,True,3.432364469854698,353.4291735288517,1413.7166941154069,4.118837363825637,240654.4715531451,121506158.55292948,168.7585535457354,True,3.432364469854698,0.05833333333333332
D,1.5,2.0,0.5625,200,0.1,1.5,353.4291735288517,235.61944901923448,0.6864728939709396,6684.846432031808,3150159.6661870605,4.375221758593139,True,3.432364469854698,353.4291735288517,1413.7166941154069,4.118837363825637,240654.4715531451,121506158.55292948,168.7585535457354,True,3.432364469854698,0.025925925925925925
D,1.5,2.0,0.5625,200,0.1,2.0,353.4291735288517,176.71458676442586,0.5148546704782047,3760.226118017892,1771964.8122302212,2.4610622392086405,True,3.432364469854698,353.4291735288517,1413.7166941154069,4.118837363825637,240654.4715531451,121506158.55292948,168.7585535457354,True,3.432364469854698,0.01458333333333333
D,1.5,2.0,0.5625,200,0.1,3.0,353.4291735288517,117.80972450961724,0.3432364469854698,1671.211608007952,787539.9165467651,1.0938054396482848,True,3.432364469854698,353.4291735288517,1413.7166941154069,4.118837363825637,240654.4715531451,121506158.55292948,168.7585535457354,True,3.432364469854698,0.006481481481481481
D,1.5,2.0,0.5625,200,0.1,4.0,353.4291735288517,88.35729338221293,0.25742733523910233,940.056529504473,442991.2030575553,0.6152655598021601,False,3.432364469854698,353.4291735288517,1413.7166941154069,4.118837363825637,240654.4715531451,121506158.55292948,168.7585535457354,True,3.432364469854698,0.0036458333333333325
D,1.5,2.0,0.5625,250,0.001,0.1,441.7864669110647,4417.864669110647,12.871366761955118,23501.41323761183,13843475.095548607,15.381638995054008,True,4.290455587318373,441.7864669110647,1767.1458676442587,5.1485467047820475,3760.2261180178925,2373167.1592369042,2.636852399152116,True,4.290455587318373,5.833333333333333
D,1.5,2.0,0.5625,250,0.001,0.25,441.7864669110647,1767.1458676442587,5.1485467047820475,3760.2261180178925,2214956.015287777,2.461062239208641,True,4.290455587318373,441.7864669110647,1767.1458676442587,5.1485467047820475,3760.2261180178925,2373167.1592369042,2.636852399152116,True,4.290455587318373,0.9333333333333332
D,1.5,2.0,0.5625,250,0.001,0.5,441.7864669110647,883.5729338221294,2.5742733523910237,940.0565295044731,553739.0038219442,0.6152655598021602,True,4.290455587318373,441.7864669110647,1767.1458676442587,5.1485467047820475,3760.2261180178925,2373167.1592369042,2.636852399152116,True,4.290455587318373,0.2333333333333333
D,1.5,2.0,0.5625,250,0.001,1.0,441.7864669110647,441.7864669110647,1.2871366761955119,235.01413237611828,138434.75095548606,0.15381638995054006,True,4.290455587318373,441.7864669110647,1767.1458676442587,5.1485467047820475,3760.2261180178925,2373167.1592369042,2.636852399152116,True,4.290455587318373,0.05833333333333333
D,1.5,2.0,0.5625,250,0.001,1.5,441.7864669110647,294.5243112740431,0.8580911174636745,104.45072550049699,61526.55598021601,0.06836283997801779,True,4.290455587318373,441.7864669110647,1767.1458676442587,5.1485467047820475,3760.2261180178925,2373167.1592369042,2.636852399152116,True,4.290455587318373,0.025925925925925915
D,1.5,2.0,0.5625,250,0.001,2.0,441.7864669110647,220.89323345553234,0.6435683380977559,58.75353309402957,34608.687738871515,0.038454097487635015,True,4.290455587318373,441.7864669110647,1767.1458676442587,5.1485467047820475,3760.2261180178925,2373167.1592369042,2.636852399152116,True,4.290455587318373,0.014583333333333332
D,1.5,2.0,0.5625,250,0.001,3.0,441.7864669110647,147.26215563702155,0.42904555873183725,26.112681375124247,15381.638995054003,0.017090709994504447,True,4.290455587318373,441.7864669110647,1767.1458676442587,5.1485467047820475,3760.2261180178925,2373167.1592369042,2.636852399152116,True,4.290455587318373,0.006481481481481479
D,1.5,2.0,0.5625,250,0.001,4.0,441.7864669110647,110.44661672776617,0.32178416904887797,14.688383273507393,8652.171934717879,0.009613524371908754,True,4.290455587318373,441.7864669110647,1767.1458676442587,5.1485467047820475,3760.2261180178925,2373167.1592369042,2.636852399152116,True,4.290455587318373,0.003645833333333333
D,1.5,2.0,0.5625,250,0.003,0.1,441.7864669110647,4417.864669110647,12.871366761955118,70504.2397128355,41530425.28664582,46.14491698516202,True,4.290455587318373,441.7864669110647,1767.1458676442587,5.1485467047820475,11280.678354053678,7119501.477710713,7.910557197456347,True,4.290455587318373,5.833333333333333
D,1.5,2.0,0.5625,250,0.003,0.25,441.7864669110647,1767.1458676442587,5.1485467047820475,11280.678354053678,6644868.045863331,7.383186717625924,True,4.290455587318373,441.7864669110647,1767.1458676442587,5.1485467047820475,11280.678354053678,7119501.477710713,7.910557197456347,True,4.290455587318373,0.9333333333333332
D,1.5,2.0,0.5625,250,0.003,0.5,441.7864669110647,883.5729338221294,2.5742733523910237,2820.1695885134195,1661217.0114658328,1.845796679406481,True,4.290455587318373,441.7864669110647,1767.1458676442587,5.1485467047820475,11280.678354053678,7119501.477710713,7.910557197456347,True,4.290455587318373,0.2333333333333333
D,1.5,2.0,0.5625,250,0.003,1.0,441.7864669110647,441.7864669110647,1.2871366761955119,705.0423971283549,415304.2528664582,0.46144916985162027,True,4.290455587318373,441.7864669110647,1767.1458676442587,5.1485467047820475,11280.678354053678,7119501.477710713,7.910557197456347,True,4.290455587318373,0.05833333333333333
D,1.5,2.0,0.5625,250,0.003,1.5,441.7864669110647,294.5243112740431,0.8580911174636745,313.352176501491,184579.66794064807,0.20508851993405341,True,4.290455587318373,441.7864669110647,1767.1458676442587,5.1485467047820475,11280.678354053678,7119501.477710713,7.910557197456347,True,4.290455587318373,0.02592592592592592
D,1.5,2.0,0.5625,250,0.003,2.0,441.7864669110647,220.89323345553234,0.6435683380977559,176.26059928208872,103826.06321661455,0.11536229246290507,True,4.290455587318373,441.7864669110647,1767.1458676442587,5.1485467047820475,11280.678354053678,7119501.477710713,7.910557197456347,True,4.290455587318373,0.014583333333333332
D,1.5,2.0,0.5625,250,0.003,3.0,441.7864669110647,147.26215563702155,0.42904555873183725,78.33804412537275,46144.91698516202,0.051272129983513354,True,4.290455587318373,441.7864669110647,1767.1458676442587,5.1485467047820475,11280.678354053678,7119501.477710713,7.910557197456347,True,4.290455587318373,0.00648148148148148
D,1.5,2.0,0.5625,250,0.003,4.0,441.7864669110647,110.44661672776617,0.32178416904887797,44.06514982052218,25956.515804153638,0.028840573115726267,True,4.290455587318373,441.7864669110647,1767.1458676442587,5.1485467047820475,11280.678354053678,7119501.477710713,7.910557197456347,True,4.290455587318373,0.003645833333333333
D,1.5,2.0,0.5625,250,0.01,0.1,441.7864669110647,4417.864669110647,12.871366761955118,235014.13237611827,138434750.95548606,153.81638995054007,True,4.290455587318373,441.7864669110647,1767.1458676442587,5.1485467047820475,37602.261180178924,23731671.592369042,26.368523991521158,True,4.290455587318373,5.833333333333332
D,1.5,2.0,0.5625,250,0.01,0.25,441.7864669110647,1767.1458676442587,5.1485467047820475,37602.261180178924,22149560.15287777,24.610622392086412,True,4.290455587318373,441.7864669110647,1767.1458676442587,5.1485467047820475,37602.261180178924,23731671.592369042,26.368523991521158,True,4.290455587318373,0.9333333333333332
D,1.5,2.0,0.5625,250,0.01,0.5,441.7864669110647,883.5729338221294,2.5742733523910237,9400.565295044731,5537390.038219443,6.152655598021603,True,4.290455587318373,441.7864669110647,1767.1458676442587,5.1485467047820475,37602.261180178924,23731671.592369042,26.368523991521158,True,4.290455587318373,0.2333333333333333
D,1.5,2.0,0.5625,250,0.01,1.0,441.7864669110647,441.7864669110647,1.2871366761955119,2350.141323761183,1384347.5095548606,1.5381638995054008,True,4.290455587318373,441.7864669110647,1767.1458676442587,5.1485467047820475,37602.261180178924,23731671.592369042,26.368523991521158,True,4.290455587318373,0.05833333333333333
D,1.5,2.0,0.5625,250,0.01,1.5,441.7864669110647,294.5243112740431,0.8580911174636745,1044.50725500497,615265.5598021602,0.6836283997801781,True,4.290455587318373,441.7864669110647,1767.1458676442587,5.1485467047820475,37602.261180178924,23731671.592369042,26.368523991521158,True,4.290455587318373,0.02592592592592592
D,1.5,2.0,0.5625,250,0.01,2.0,441.7864669110647,220.89323345553234,0.6435683380977559,587.5353309402957,346086.87738871516,0.3845409748763502,True,4.290455587318373,441.7864669110647,1767.1458676442587,5.1485467047820475,37602.261180178924,23731671.592369042,26.368523991521158,True,4.290455587318373,0.014583333333333332
D,1.5,2.0,0.5625,250,0.01,3.0,441.7864669110647,147.26215563702155,0.42904555873183725,261.1268137512425,153816.38995054006,0.17090709994504452,True,4.290455587318373,441.7864669110647,1767.1458676442587,5.1485467047820475,37602.261180178924,23731671.592369042,26.368523991521158,True,4.290455587318373,0.00648148148148148
D,1.5,2.0,0.5625,250,0.01,4.0,441.7864669110647,110.44661672776617,0.32178416904887797,146.88383273507392,86521.71934717879,0.09613524371908755,True,4.290455587318373,441.7864669110647,1767.1458676442587,5.1485467047820475,37602.261180178924,23731671.592369042,26.368523991521158,True,4.290455587318373,0.003645833333333333
D,1.5,2.0,0.5625,250,0.03,0.1,441.7864669110647,4417.864669110647,12.871366761955118,705042.3971283549,415304252.86645824,461.4491698516203,True,4.290455587318373,441.7864669110647,1767.1458676442587,5.1485467047820475,112806.78354053678,71195014.77710712,79.10557197456346,True,4.290455587318373,5.833333333333334
D,1.5,2.0,0.5625,250,0.03,0.25,441.7864669110647,1767.1458676442587,5.1485467047820475,112806.78354053678,66448680.45863331,73.83186717625924,True,4.290455587318373,441.7864669110647,1767.1458676442587,5.1485467047820475,112806.78354053678,71195014.77710712,79.10557197456346,True,4.290455587318373,0.9333333333333333
D,1.5,2.0,0.5625,250,0.03,0.5,441.7864669110647,883.5729338221294,2.5742733523910237,28201.695885134195,16612170.114658328,18.45796679406481,True,4.290455587318373,441.7864669110647,1767.1458676442587,5.1485467047820475,112806.78354053678,71195014.77710712,79.10557197456346,True,4.290455587318373,0.23333333333333334
D,1.5,2.0,0.5625,250,0.03,1.0,441.7864669110647,441.7864669110647,1.2871366761955119,7050.423971283549,4153042.528664582,4.614491698516202,True,4.290455587318373,441.7864669110647,1767.1458676442587,5.1485467047820475,112806.78354053678,71195014.77710712,79.10557197456346,True,4.290455587318373,0.058333333333333334
D,1.5,2.0,0.5625,250,0.03,1.5,441.7864669110647,294.5243112740431,0.8580911174636745,3133.5217650149098,1845796.6794064806,2.0508851993405344,True,4.290455587318373,441.7864669110647,1767.1458676442587,5.1485467047820475,112806.78354053678,71195014.77710712,79.10557197456346,True,4.290455587318373,0.02592592592592592
D,1.5,2.0,0.5625,250,0.03,2.0,441.7864669110647,220.89323345553234,0.6435683380977559,1762.6059928208872,1038260.6321661455,1.1536229246290506,True,4.290455587318373,441.7864669110647,1767.1458676442587,5.1485467047820475,112806.78354053678,71195014.77710712,79.10557197456346,True,4.290455587318373,0.014583333333333334
D,1.5,2.0,0.5625,250,0.03,3.0,441.7864669110647,147.26215563702155,0.42904555873183725,783.3804412537274,461449.16985162016,0.5127212998351336,True,4.290455587318373,441.7864669110647,1767.1458676442587,5.1485467047820475,112806.78354053678,71195014.77710712,79.10557197456346,True,4.290455587318373,0.00648148148148148
D,1.5,2.0,0.5625,250,0.03,4.0,441.7864669110647,110.44661672776617,0.32178416904887797,440.6514982052218,259565.15804153637,0.28840573115726265,True,4.290455587318373,441.7864669110647,1767.1458676442587,5.1485467047820475,112806.78354053678,71195014.77710712,79.10557197456346,True,4.290455587318373,0.0036458333333333334
D,1.5,2.0,0.5625,250,0.1,0.1,441.7864669110647,4417.864669110647,12.871366761955118,2350141.323761183,1384347509.5548608,1538.1638995054009,True,4.290455587318373,441.7864669110647,1767.1458676442587,5.1485467047820475,376022.61180178926,237316715.92369044,263.6852399152116,True,4.290455587318373,5.833333333333333
D,1.5,2.0,0.5625,250,0.1,0.25,441.7864669110647,1767.1458676442587,5.1485467047820475,376022.61180178926,221495601.52877772,246.10622392086412,True,4.290455587318373,441.7864669110647,1767.1458676442587,5.1485467047820475,376022.61180178926,237316715.92369044,263.6852399152116,True,4.290455587318373,0.9333333333333332
D,1.5,2.0,0.5625,250,0.1,0.5,441.7864669110647,883.5729338221294,2.5742733523910237,94005.65295044731,55373900.38219443,61.52655598021603,True,4.290455587318373,441.7864669110647,1767.1458676442587,5.1485467047820475,376022.61180178926,237316715.92369044,263.6852399152116,True,4.290455587318373,0.2333333333333333
D,1.5,2.0,0.5625,250,0.1,1.0,441.7864669110647,441.7864669110647,1.2871366761955119,23501.41323761183,13843475.095548607,15.381638995054008,True,4.290455587318373,441.7864669110647,1767.1458676442587,5.1485467047820475,376022.61180178926,237316715.92369044,263.6852399152116,True,4.290455587318373,0.05833333333333333
D,1.5,2.0,0.5625,250,0.1,1.5,441.7864669110647,294.5243112740431,0.8580911174636745,10445.0725500497,6152655.598021601,6.83628399780178,True,4.290455587318373,441.7864669110647,1767.1458676442587,5.1485467047820475,376022.61180178926,237316715.92369044,263.6852399152116,True,4.290455587318373,0.025925925925925915
D,1.5,2.0,0.5625,250,0.1,2.0,441.7864669110647,220.89323345553234,0.6435683380977559,5875.353309402957,3460868.773887152,3.845409748763502,True,4.290455587318373,441.7864669110647,1767.1458676442587,5.1485467047820475,376022.61180178926,237316715.92369044,263.6852399152116,True,4.290455587318373,0.014583333333333332
D,1.5,2.0,0.5625,250,0.1,3.0,441.7864669110647,147.26215563702155,0.42904555873183725,2611.268137512425,1538163.8995054003,1.709070999450445,True,4.290455587318373,441.7864669110647,1767.1458676442587,5.1485467047820475,376022.61180178926,237316715.92369044,263.6852399152116,True,4.290455587318373,0.006481481481481479
D,1.5,2.0,0.5625,250,0.1,4.0,441.7864669110647,110.44661672776617,0.32178416904887797,1468.8383273507393,865217.193471788,0.9613524371908755,True,4.290455587318373,441.7864669110647,1767.1458676442587,5.1485467047820475,376022.61180178926,237316715.92369044,263.6852399152116,True,4.290455587318373,0.003645833333333333
D,1.5,2.0,0.5625,300,0.001,0.1,530.1437602932776,5301.437602932776,15.44564011434614,33842.03506216103,23921524.965107992,22.149560152877772,True,5.1485467047820475,530.1437602932776,2120.5750411731105,6.178256045738457,5414.725609945765,4100832.851161371,3.797067454779047,True,5.1485467047820475,5.833333333333332
D,1.5,2.0,0.5625,300,0.001,0.25,530.1437602932776,2120.5750411731105,6.178256045738457,5414.725609945765,3827443.9944172795,3.543929624460444,True,5.1485467047820475,530.1437602932776,2120.5750411731105,6.178256045738457,5414.725609945765,4100832.851161371,3.797067454779047,True,5.1485467047820475,0.9333333333333333
D,1.5,2.0,0.5625,300,0.001,0.5,530.1437602932776,1060.2875205865553,3.0891280228692284,1353.6814024864414,956860.9986043199,0.885982406115111,True,5.1485467047820475,530.1437602932776,2120.5750411731105,6.178256045738457,5414.725609945765,4100832.851161371,3.797067454779047,True,5.1485467047820475,0.23333333333333334
D,1.5,2.0,0.5625,300,0.001,1.0,530.1437602932776,530.1437602932776,1.5445640114346142,338.42035062161034,239215.24965107997,0.22149560152877776,True,5.1485467047820475,530.1437602932776,2120.5750411731105,6.178256045738457,5414.725609945765,4100832.851161371,3.797067454779047,True,5.1485467047820475,0.058333333333333334
D,1.5,2.0,0.5625,300,0.001,1.5,530.1437602932776,353.4291735288518,1.0297093409564095,150.4090447207157,106317.88873381332,0.09844248956834567,True,5.1485467047820475,530.1437602932776,2120.5750411731105,6.178256045738457,5414.725609945765,4100832.851161371,3.797067454779047,True,5.1485467047820475,0.025925925925925925
D,1.5,2.0,0.5625,300,0.001,2.0,530.1437602932776,265.0718801466388,0.7722820057173071,84.60508765540258,59803.81241276999,0.05537390038219444,True,5.1485467047820475,530.1437602932776,2120.5750411731105,6.178256045738457,5414.725609945765,4100832.851161371,3.797067454779047,True,5.1485467047820475,0.014583333333333334
D,1.5,2.0,0.5625,300,0.001,3.0,530.1437602932776,176.7145867644259,0.5148546704782048,37.60226118017893,26579.47218345333,0.024610622392086418,True,5.1485467047820475,530.1437602932776,2120.5750411731105,6.178256045738457,5414.725609945765,4100832.851161371,3.797067454779047,True,5.1485467047820475,0.006481481481481481
D,1.5,2.0,0.5625,300,0.001,4.0,530.1437602932776,132.5359400733194,0.38614100285865355,21.151271913850646,14950.953103192498,0.01384347509554861,True,5.1485467047820475,530.1437602932776,2120.5750411731105,6.178256045738457,5414.725609945765,4100832.851161371,3.797067454779047,True,5.1485467047820475,0.0036458333333333334
D,1.5,2.0,0.5625,300,0.003,0.1,530.1437602932776,5301.437602932776,15.44564011434614,101526.1051864831,71764574.89532398,66.4486804586333,True,5.1485467047820475,530.1437602932776,2120.5750411731105,6.178256045738457,16244.176829837297,12302498.553484112,11.39120236433714,True,5.1485467047820475,5.833333333333332
D,1.5,2.0,0.5625,300,0.003,0.25,530.1437602932776,2120.5750411731105,6.178256045738457,16244.176829837297,11482331.983251838,10.631788873381332,True,5.1485467047820475,530.1437602932776,2120.5750411731105,6.178256045738457,16244.176829837297,12302498.553484112,11.39120236433714,True,5.1485467047820475,0.9333333333333333
D,1.5,2.0,0.5625,300,0.003,0.5,530.1437602932776,1060.2875205865553,3.0891280228692284,4061.0442074593243,2870582.9958129595,2.657947218345333,True,5.1485467047820475,530.1437602932776,2120.5750411731105,6.178256045738457,16244.176829837297,12302498.553484112,11.39120236433714,True,5.1485467047820475,0.23333333333333334
D,1.5,2.0,0.5625,300,0.003,1.0,530.1437602932776,530.1437602932776,1.5445640114346142,1015.2610518648311,717645.7489532399,0.6644868045863332,True,5.1485467047820475,530.1437602932776,2120.5750411731105,6.178256045738457,16244.176829837297,12302498.553484112,11.39120236433714,True,5.1485467047820475,0.058333333333333334
D,1.5,2.0,0.5625,300,0.003,1.5,530.1437602932776,353.4291735288518,1.0297093409564095,451.2271341621472,318953.66620144,0.295327468705037,True,5.1485467047820475,530.1437602932776,2120.5750411731105,6.178256045738457,16244.176829837297,12302498.553484112,11.39120236433714,True,5.1485467047820475,0.02592592592592593
D,1.5,2.0,0.5625,300,0.003,2.0,530.1437602932776,265.0718801466388,0.7722820057173071,253.81526296620777,179411.43723830997,0.1661217011465833,True,5.1485467047820475,530.1437602932776,2120.5750411731105,6.178256045738457,16244.176829837297,12302498.553484112,11.39120236433714,True,5.1485467047820475,0.014583333333333334
D,1.5,2.0,0.5625,300,0.003,3.0,530.1437602932776,176.7145867644259,0.5148546704782048,112.8067835405368,79738.41655036,0.07383186717625925,True,5.1485467047820475,530.1437602932776,2120.5750411731105,6.178256045738457,16244.176829837297,12302498.553484112,11.39120236433714,True,5.1485467047820475,0.006481481481481482
D,1.5,2.0,0.5625,300,0.003,4.0,530.1437602932776,132.5359400733194,0.38614100285865355,63.45381574155194,44852.85930957749,0.04153042528664583,True,5.1485467047820475,530.1437602932776,2120.5750411731105,6.178256045738457,16244.176829837297,12302498.553484112,11.39120236433714,True,5.1485467047820475,0.0036458333333333334
D,1.5,2.0,0.5625,300,0.01,0.1,530.1437602932776,5301.437602932776,15.44564011434614,338420.3506216103,239215249.65107992,221.4956015287777,True,5.1485467047820475,530.1437602932776,2120.5750411731105,6.178256045738457,54147.25609945765,41008328.511613704,37.970674547790466,True,5.1485467047820475,5.833333333333333
D,1.5,2.0,0.5625,300,0.01,0.25,530.1437602932776,2120.5750411731105,6.178256045738457,54147.25609945765,38274439.94417279,35.439296244604435,True,5.1485467047820475,530.1437602932776,2120.5750411731105,6.178256045738457,54147.25609945765,41008328.511613704,37.970674547790466,True,5.1485467047820475,0.9333333333333333
D,1.5,2.0,0.5625,300,0.01,0.5,530.1437602932776,1060.2875205865553,3.0891280228692284,13536.814024864412,9568609.986043198,8.859824061151109,True,5.1485467047820475,530.1437602932776,2120.5750411731105,6.178256045738457,54147.25609945765,41008328.511613704,37.970674547790466,True,5.1485467047820475,0.23333333333333334
D,1.5,2.0,0.5625,300,0.01,1.0,530.1437602932776,530.1437602932776,1.5445640114346142,3384.203506216103,2392152.4965107995,2.214956015287777,True,5.1485467047820475,530.1437602932776,2120.5750411731105,6.178256045738457,54147.25609945765,41008328.511613704,37.970674547790466,True,5.1485467047820475,0.058333333333333334
D,1.5,2.0,0.5625,300,0.01,1.5,530.1437602932776,353.4291735288518,1.0297093409564095,1504.090447207157,1063178.887338133,0.9844248956834565,True,5.1485467047820475,530.1437602932776,2120.5750411731105,6.178256045738457,54147.25609945765,41008328.511613704,37.970674547790466,True,5.1485467047820475,0.025925925925925925
D,1.5,2.0,0.5625,300,0.01,2.0,530.1437602932776,265.0718801466388,0.7722820057173071,846.0508765540258,598038.1241276999,0.5537390038219443,True,5.1485467047820475,530.1437602932776,2120.5750411731105,6.178256045738457,54147.25609945765,41008328.511613704,37.970674547790466,True,5.1485467047820475,0.014583333333333334
D,1.5,2.0,0.5625,300,0.01,3.0,530.1437602932776,176.7145867644259,0.5148546704782048,376.02261180178925,265794.72183453327,0.24610622392086412,True,5.1485467047820475,530.1437602932776,2120.5750411731105,6.178256045738457,54147.25609945765,41008328.511613704,37.970674547790466,True,5.1485467047820475,0.006481481481481481
D,1.5,2.0,0.5625,300,0.01,4.0,530.1437602932776,132.5359400733194,0.38614100285865355,211.51271913850644,149509.53103192497,0.13843475095548607,True,5.1485467047820475,530.1437602932776,2120.5750411731105,6.178256045738457,54147.25609945765,41008328.511613704,37.970674547790466,True,5.1485467047820475,0.0036458333333333334
D,1.5,2.0,0.5625,300,0.03,0.1,530.1437602932776,5301.437602932776,15.44564011434614,1015261.0518648309,717645748.9532398,664.4868045863332,True,5.1485467047820475,530.1437602932776,2120.5750411731105,6.178256045738457,162441.76829837298,123024985.53484114,113.91202364337143,True,5.1485467047820475,5.833333333333332
D,1.5,2.0,0.5625,300,0.03,0.25,530.1437602932776,2120.5750411731105,6.178256045738457,162441.76829837298,114823319.83251838,106.31788873381332,True,5.1485467047820475,530.1437602932776,2120.5750411731105,6.178256045738457,162441.76829837298,123024985.53484114,113.91202364337143,True,5.1485467047820475,0.9333333333333332
D,1.5,2.0,0.5625,300,0.03,0.5,530.1437602932776,1060.2875205865553,3.0891280228692284,40610.442074593244,28705829.958129596,26.57947218345333,True,5.1485467047820475,530.1437602932776,2120.5750411731105,6.178256045738457,162441.76829837298,123024985.53484114,113.91202364337143,True,5.1485467047820475,0.2333333333333333
D,1.5,2.0,0.5625,300,0.03,1.0,530.1437602932776,530.1437602932776,1.5445640114346142,10152.610518648311,7176457.489532399,6.6448680458633325,True,5.1485467047820475,530.1437602932776,2120.5750411731105,6.178256045738457,162441.76829837298,123024985.53484114,113.91202364337143,True,5.1485467047820475,0.05833333333333333
D,1.5,2.0,0.5625,300,0.03,1.5,530.1437602932776,353.4291735288518,1.0297093409564095,4512.271341621472,3189536.6620144,2.9532746870503708,True,5.1485467047820475,530.1437602932776,2120.5750411731105,6.178256045738457,162441.76829837298,123024985.53484114,113.91202364337143,True,5.1485467047820475,0.02592592592592593
D,1.5,2.0,0.5625,300,0.03,2.0,530.1437602932776,265.0718801466388,0.7722820057173071,2538.1526296620777,1794114.3723830997,1.6612170114658331,True,5.1485467047820475,530.1437602932776,2120.5750411731105,6.178256045738457,162441.76829837298,123024985.53484114,113.91202364337143,True,5.1485467047820475,0.014583333333333332
D,1.5,2.0,0.5625,300,0.03,3.0,530.1437602932776,176.7145867644259,0.5148546704782048,1128.067835405368,797384.1655036,0.7383186717625927,True,5.1485467047820475,530.1437602932776,2120.5750411731105,6.178256045738457,162441.76829837298,123024985.53484114,113.91202364337143,True,5.1485467047820475,0.006481481481481482
D,1.5,2.0,0.5625,300,0.03,4.0,530.1437602932776,132.5359400733194,0.38614100285865355,634.5381574155194,448528.59309577494,0.4153042528664583,True,5.1485467047820475,530.1437602932776,2120.5750411731105,6.178256045738457,162441.76829837298,123024985.53484114,113.91202364337143,True,5.1485467047820475,0.003645833333333333
D,1.5,2.0,0.5625,300,0.1,0.1,530.1437602932776,5301.437602932776,15.44564011434614,3384203.506216103,2392152496.5107994,2214.956015287777,True,5.1485467047820475,530.1437602932776,2120.5750411731105,6.178256045738457,541472.5609945765,410083285.11613715,379.7067454779048,True,5.1485467047820475,5.833333333333332
D,1.5,2.0,0.5625,300,0.1,0.25,530.1437602932776,2120.5750411731105,6.178256045738457,541472.5609945765,382744399.44172794,354.39296244604435,True,5.1485467047820475,530.1437602932776,2120.5750411731105,6.178256045738457,541472.5609945765,410083285.11613715,379.7067454779048,True,5.1485467047820475,0.9333333333333331
D,1.5,2.0,0.5625,300,0.1,0.5,530.1437602932776,1060.2875205865553,3.0891280228692284,135368.14024864414,95686099.86043198,88.59824061151109,True,5.1485467047820475,530.1437602932776,2120.5750411731105,6.178256045738457,541472.5609945765,410083285.11613715,379.7067454779048,True,5.1485467047820475,0.23333333333333328
D,1.5,2.0,0.5625,300,0.1,1.0,530.1437602932776,530.1437602932776,1.5445640114346142,33842.035062161034,23921524.965107996,22.149560152877772,True,5.1485467047820475,530.1437602932776,2120.5750411731105,6.178256045738457,541472.5609945765,410083285.11613715,379.7067454779048,True,5.1485467047820475,0.05833333333333332
D,1.5,2.0,0.5625,300,0.1,1.5,530.1437602932776,353.4291735288518,1.0297093409564095,15040.904472071572,10631788.873381332,9.844248956834567,True,5.1485467047820475,530.1437602932776,2120.5750411731105,6.178256045738457,541472.5609945765,410083285.11613715,379.7067454779048,True,5.1485467047820475,0.02592592592592592
D,1.5,2.0,0.5625,300,0.1,2.0,530.1437602932776,265.0718801466388,0.7722820057173071,8460.508765540259,5980381.241276999,5.537390038219443,True,5.1485467047820475,530.1437602932776,2120.5750411731105,6.178256045738457,541472.5609945765,410083285.11613715,379.7067454779048,True,5.1485467047820475,0.01458333333333333
D,1.5,2.0,0.5625,300,0.1,3.0,530.1437602932776,176.7145867644259,0.5148546704782048,3760.226118017893,2657947.218345333,2.461062239208642,True,5.1485467047820475,530.1437602932776,2120.5750411731105,6.178256045738457,541472.5609945765,410083285.11613715,379.7067454779048,True,5.1485467047820475,0.00648148148148148
D,1.5,2.0,0.5625,300,0.1,4.0,530.1437602932776,132.5359400733194,0.38614100285865355,2115.1271913850646,1495095.3103192498,1.3843475095548607,True,5.1485467047820475,530.1437602932776,2120.5750411731105,6.178256045738457,541472.5609945765,410083285.11613715,379.7067454779048,True,5.1485467047820475,0.0036458333333333325
D,1.5,2.0,0.5625,350,0.001,0.1,618.5010536754905,6185.010536754905,18.01991346673716,46062.76994571918,37986495.66218537,30.14801243030585,True,6.006637822245722,618.5010536754905,2474.004214701962,7.207965386694866,7370.043191315069,6511970.684946064,5.168230702338146,True,6.006637822245722,5.833333333333333
D,1.5,2.0,0.5625,350,0.001,0.25,618.5010536754905,2474.004214701962,7.207965386694866,7370.043191315069,6077839.305949659,4.823681988848936,True,6.006637822245722,618.5010536754905,2474.004214701962,7.207965386694866,7370.043191315069,6511970.684946064,5.168230702338146,True,6.006637822245722,0.9333333333333332
D,1.5,2.0,0.5625,350,0.001,0.5,618.5010536754905,1237.002107350981,3.603982693347433,1842.5107978287672,1519459.8264874148,1.205920497212234,True,6.006637822245722,618.5010536754905,2474.004214701962,7.207965386694866,7370.043191315069,6511970.684946064,5.168230702338146,True,6.006637822245722,0.2333333333333333
D,1.5,2.0,0.5625,350,0.001,1.0,618.5010536754905,618.5010536754905,1.8019913466737165,460.6276994571918,379864.9566218537,0.3014801243030585,True,6.006637822245722,618.5010536754905,2474.004214701962,7.207965386694866,7370.043191315069,6511970.684946064,5.168230702338146,True,6.006637822245722,0.05833333333333333
D,1.5,2.0,0.5625,350,0.001,1.5,618.5010536754905,412.33403578366034,1.2013275644491443,204.7234219809741,168828.86960971277,0.13399116635691488,True,6.006637822245722,618.5010536754905,2474.004214701962,7.207965386694866,7370.043191315069,6511970.684946064,5.168230702338146,True,6.006637822245722,0.025925925925925925
D,1.5,2.0,0.5625,350,0.001,2.0,618.5010536754905,309.25052683774527,0.9009956733368583,115.15692486429795,94966.23915546342,0.07537003107576462,True,6.006637822245722,618.5010536754905,2474.004214701962,7.207965386694866,7370.043191315069,6511970.684946064,5.168230702338146,True,6.006637822245722,0.014583333333333332
D,1.5,2.0,0.5625,350,0.001,3.0,618.5010536754905,206.16701789183017,0.6006637822245722,51.18085549524353,42207.21740242819,0.03349779158922872,True,6.006637822245722,618.5010536754905,2474.004214701962,7.207965386694866,7370.043191315069,6511970.684946064,5.168230702338146,True,6.006637822245722,0.006481481481481481
D,1.5,2.0,0.5625,350,0.001,4.0,618.5010536754905,154.62526341887263,0.45049783666842913,28.789231216074487,23741.559788865856,0.018842507768941155,True,6.006637822245722,618.5010536754905,2474.004214701962,7.207965386694866,7370.043191315069,6511970.684946064,5.168230702338146,True,6.006637822245722,0.003645833333333333
D,1.5,2.0,0.5625,350,0.003,0.1,618.5010536754905,6185.010536754905,18.01991346673716,138188.30983715755,113959486.98655613,90.44403729091756,True,6.006637822245722,618.5010536754905,2474.004214701962,7.207965386694866,22110.129573945207,19535912.05483819,15.504692107014439,True,6.006637822245722,5.833333333333334
D,1.5,2.0,0.5625,350,0.003,0.25,618.5010536754905,2474.004214701962,7.207965386694866,22110.129573945207,18233517.91784898,14.471045966546807,True,6.006637822245722,618.5010536754905,2474.004214701962,7.207965386694866,22110.129573945207,19535912.05483819,15.504692107014439,True,6.006637822245722,0.9333333333333333
D,1.5,2.0,0.5625,350,0.003,0.5,618.5010536754905,1237.002107350981,3.603982693347433,5527.532393486302,4558379.479462245,3.617761491636702,True,6.006637822245722,618.5010536754905,2474.004214701962,7.207965386694866,22110.129573945207,19535912.05483819,15.504692107014439,True,6.006637822245722,0.23333333333333334
D,1.5,2.0,0.5625,350,0.003,1.0,618.5010536754905,618.5010536754905,1.8019913466737165,1381.8830983715754,1139594.8698655611,0.9044403729091754,True,6.006637822245722,618.5010536754905,2474.004214701962,7.207965386694866,22110.129573945207,19535912.05483819,15.504692107014439,True,6.006637822245722,0.058333333333333334
D,1.5,2.0,0.5625,350,0.003,1.5,618.5010536754905,412.33403578366034,1.2013275644491443,614.1702659429224,506486.6088291383,0.40197349907074464,True,6.006637822245722,618.5010536754905,2474.004214701962,7.207965386694866,22110.129573945207,19535912.05483819,15.504692107014439,True,6.006637822245722,0.025925925925925925
D,1.5,2.0,0.5625,350,0.003,2.0,618.5010536754905,309.25052683774527,0.9009956733368583,345.47077459289386,284898.7174663903,0.22611009322729386,True,6.006637822245722,618.5010536754905,2474.004214701962,7.207965386694866,22110.129573945207,19535912.05483819,15.504692107014439,True,6.006637822245722,0.014583333333333334
D,1.5,2.0,0.5625,350,0.003,3.0,618.5010536754905,206.16701789183017,0.6006637822245722,153.5425664857306,126621.65220728457,0.10049337476768616,True,6.006637822245722,618.5010536754905,2474.004214701962,7.207965386694866,22110.129573945207,19535912.05483819,15.504692107014439,True,6.006637822245722,0.006481481481481481
D,1.5,2.0,0.5625,350,0.003,4.0,618.5010536754905,154.62526341887263,0.45049783666842913,86.36769364822347,71224.67936659757,0.056527523306823466,True,6.006637822245722,618.5010536754905,2474.004214701962,7.207965386694866,22110.129573945207,19535912.05483819,15.504692107014439,True,6.006637822245722,0.0036458333333333334
D,1.5,2.0,0.5625,350,0.01,0.1,618.5010536754905,6185.010536754905,18.01991346673716,460627.69945719175,379864956.62185365,301.48012430305846,True,6.006637822245722,618.5010536754905,2474.004214701962,7.207965386694866,73700.43191315069,65119706.84946065,51.68230702338147,True,6.006637822245722,5.833333333333331
D,1.5,2.0,0.5625,350,0.01,0.25,618.5010536754905,2474.004214701962,7.207965386694866,73700.43191315069,60778393.059496604,48.236819888489364,True,6.006637822245722,618.5010536754905,2474.004214701962,7.207965386694866,73700.43191315069,65119706.84946065,51.68230702338147,True,6.006637822245722,0.9333333333333333
D,1.5,2.0,0.5625,350,0.01,0.5,618.5010536754905,1237.002107350981,3.603982693347433,18425.107978287673,15194598.264874151,12.059204972122341,True,6.006637822245722,618.5010536754905,2474.004214701962,7.207965386694866,73700.43191315069,65119706.84946065,51.68230702338147,True,6.006637822245722,0.23333333333333334
D,1.5,2.0,0.5625,350,0.01,1.0,618.5010536754905,618.5010536754905,1.8019913466737165,4606.276994571918,3798649.5662185377,3.0148012430305853,True,6.006637822245722,618.5010536754905,2474.004214701962,7.207965386694866,73700.43191315069,65119706.84946065,51.68230702338147,True,6.006637822245722,0.058333333333333334
D,1.5,2.0,0.5625,350,0.01,1.5,618.5010536754905,412.33403578366034,1.2013275644491443,2047.234219809741,1688288.6960971274,1.3399116635691488,True,6.006637822245722,618.5010536754905,2474.004214701962,7.207965386694866,73700.43191315069,65119706.84946065,51.68230702338147,True,6.006637822245722,0.025925925925925918
D,1.5,2.0,0.5625,350,0.01,2.0,618.5010536754905,309.25052683774527,0.9009956733368583,1151.5692486429796,949662.3915546344,0.7537003107576463,True,6.006637822245722,618.5010536754905,2474.004214701962,7.207965386694866,73700.43191315069,65119706.84946065,51.68230702338147,True,6.006637822245722,0.014583333333333334
D,1.5,2.0,0.5625,350,0.01,3.0,618.5010536754905,206.16701789183017,0.6006637822245722,511.80855495243526,422072.17402428185,0.3349779158922872,True,6.006637822245722,618.5010536754905,2474.004214701962,7.207965386694866,73700.43191315069,65119706.84946065,51.68230702338147,True,6.006637822245722,0.0064814814814814796
D,1.5,2.0,0.5625,350,0.01,4.0,618.5010536754905,154.62526341887263,0.45049783666842913,287.8923121607449,237415.5978886586,0.18842507768941158,True,6.006637822245722,618.5010536754905,2474.004214701962,7.207965386694866,73700.43191315069,65119706.84946065,51.68230702338147,True,6.006637822245722,0.0036458333333333334
D,1.5,2.0,0.5625,350,0.03,0.1,618.5010536754905,6185.010536754905,18.01991346673716,1381883.0983715754,1139594869.8655612,904.4403729091755,True,6.006637822245722,618.5010536754905,2474.004214701962,7.207965386694866,221101.2957394521,195359120.54838195,155.04692107014444,True,6.006637822245722,5.833333333333332
D,1.5,2.0,0.5625,350,0.03,0.25,618.5010536754905,2474.004214701962,7.207965386694866,221101.2957394521,182335179.1784898,144.7104596654681,True,6.006637822245722,618.5010536754905,2474.004214701962,7.207965386694866,221101.2957394521,195359120.54838195,155.04692107014444,True,6.006637822245722,0.9333333333333332
D,1.5,2.0,0.5625,350,0.03,0.5,618.5010536754905,1237.002107350981,3.603982693347433,55275.32393486302,45583794.79462245,36.17761491636703,True,6.006637822245722,618.5010536754905,2474.004214701962,7.207965386694866,221101.2957394521,195359120.54838195,155.04692107014444,True,6.006637822245722,0.2333333333333333
D,1.5,2.0,0.5625,350,0.03,1.0,618.5010536754905,618.5010536754905,1.8019913466737165,13818.830983715756,11395948.698655613,9.044403729091757,True,6.006637822245722,618.5010536754905,2474.004214701962,7.207965386694866,221101.2957394521,195359120.54838195,155.04692107014444,True,6.006637822245722,0.05833333333333333
D,1.5,2.0,0.5625,350,0.03,1.5,618.5010536754905,412.33403578366034,1.2013275644491443,6141.702659429224,5064866.088291383,4.019734990707447,True,6.006637822245722,618.5010536754905,2474.004214701962,7.207965386694866,221101.2957394521,195359120.54838195,155.04692107014444,True,6.006637822245722,0.02592592592592592
D,1.5,2.0,0.5625,350,0.03,2.0,618.5010536754905,309.25052683774527,0.9009956733368583,3454.707745928939,2848987.174663903,2.261100932272939,True,6.006637822245722,618.5010536754905,2474.004214701962,7.207965386694866,221101.2957394521,195359120.54838195,155.04692107014444,True,6.006637822245722,0.014583333333333332
D,1.5,2.0,0.5625,350,0.03,3.0,618.5010536754905,206.16701789183017,0.6006637822245722,1535.425664857306,1266216.5220728458,1.0049337476768618,True,6.006637822245722,618.5010536754905,2474.004214701962,7.207965386694866,221101.2957394521,195359120.54838195,155.04692107014444,True,6.006637822245722,0.00648148148148148
D,1.5,2.0,0.5625,350,0.03,4.0,618.5010536754905,154.62526341887263,0.45049783666842913,863.6769364822347,712246.7936659758,0.5652752330682348,True,6.006637822245722,618.5010536754905,2474.004214701962,7.207965386694866,221101.2957394521,195359120.54838195,155.04692107014444,True,6.006637822245722,0.003645833333333333
D,1.5,2.0,0.5625,350,0.1,0.1,618.5010536754905,6185.010536754905,18.01991346673716,4606276.994571918,3798649566.218537,3014.801243030585,True,6.006637822245722,618.5010536754905,2474.004214701962,7.207965386694866,737004.319131507,651197068.4946066,516.8230702338147,True,6.006637822245722,5.83333333333333
D,1.5,2.0,0.5625,350,0.1,0.25,618.5010536754905,2474.004214701962,7.207965386694866,737004.319131507,607783930.594966,482.3681988848937,True,6.006637822245722,618.5010536754905,2474.004214701962,7.207965386694866,737004.319131507,651197068.4946066,516.8230702338147,True,6.006637822245722,0.9333333333333331
D,1.5,2.0,0.5625,350,0.1,0.5,618.5010536754905,1237.002107350981,3.603982693347433,184251.07978287674,151945982.6487415,120.59204972122342,True,6.006637822245722,618.5010536754905,2474.004214701962,7.207965386694866,737004.319131507,651197068.4946066,516.8230702338147,True,6.006637822245722,0.23333333333333328
D,1.5,2.0,0.5625,350,0.1,1.0,618.5010536754905,618.5010536754905,1.8019913466737165,46062.769945719185,37986495.66218538,30.148012430305855,True,6.006637822245722,618.5010536754905,2474.004214701962,7.207965386694866,737004.319131507,651197068.4946066,516.8230702338147,True,6.006637822245722,0.05833333333333332
D,1.5,2.0,0.5625,350,0.1,1.5,618.5010536754905,412.33403578366034,1.2013275644491443,20472.342198097413,16882886.960971277,13.39911663569149,True,6.006637822245722,618.5010536754905,2474.004214701962,7.207965386694866,737004.319131507,651197068.4946066,516.8230702338147,True,6.006637822245722,0.025925925925925918
D,1.5,2.0,0.5625,350,0.1,2.0,618.5010536754905,309.25052683774527,0.9009956733368583,11515.692486429796,9496623.915546345,7.537003107576464,True,6.006637822245722,618.5010536754905,2474.004214701962,7.207965386694866,737004.319131507,651197068.4946066,516.8230702338147,True,6.006637822245722,0.01458333333333333
D,1.5,2.0,0.5625,350,0.1,3.0,618.5010536754905,206.16701789183017,0.6006637822245722,5118.085549524353,4220721.740242819,3.3497791589228725,True,6.006637822245722,618.5010536754905,2474.004214701962,7.207965386694866,737004.319131507,651197068.4946066,516.8230702338147,True,6.006637822245722,0.0064814814814814796
D,1.5,2.0,0.5625,350,0.1,4.0,618.5010536754905,154.62526341887263,0.45049783666842913,2878.923121607449,2374155.978886586,1.884250776894116,True,6.006637822245722,618.5010536754905,2474.004214701962,7.207965386694866,737004.319131507,651197068.4946066,516.8230702338147,True,6.006637822245722,0.0036458333333333325
