experiment,pod_diameter_m,tube_diameter_m,blockage_ratio,pressure_atm,station_spacing_m,target_pressure_fraction,swept_volume_per_station_m3,target_pressure_difference_pa,required_compliance_m3_pa,equivalent_gas_accumulator_volume_m3,stored_energy_per_station_j,lost_energy_per_station_j,lost_energy_kwh_per_vehicle_km,effective_wave_speed_m_s,characteristic_impedance_pa_s_m3,swept_volume_per_vehicle_km_m3,flags
E,1.5,2.0,0.5625,0.001,5.0,0.01,8.835729338221293,1.01325,8.720186862295874,1237.002107350981,4.476401375976363,0.4476401375976363,2.486889653320202e-05,38.43460276437331,0.014731320789880872,1767.1458676442587,
E,1.5,2.0,0.5625,0.001,5.0,0.05,8.835729338221293,5.06625,1.7440373724591745,247.40042147019616,22.382006879881814,2.2382006879881815,0.00012434448266601008,83.8649199962067,0.03214397835866276,1767.1458676442587,
E,1.5,2.0,0.5625,0.001,5.0,0.1,8.835729338221293,10.1325,0.8720186862295872,123.70021073509808,44.76401375976363,4.476401375976363,0.00024868896533202016,115.21355089510588,0.04415936826463896,1767.1458676442587,
E,1.5,2.0,0.5625,0.001,10.0,0.01,17.671458676442587,1.01325,17.440373724591748,2474.004214701962,8.952802751952726,0.8952802751952726,2.486889653320202e-05,38.43460276437331,0.014731320789880872,1767.1458676442587,
E,1.5,2.0,0.5625,0.001,10.0,0.05,17.671458676442587,5.06625,3.488074744918349,494.80084294039233,44.76401375976363,4.476401375976363,0.00012434448266601008,83.8649199962067,0.03214397835866276,1767.1458676442587,
E,1.5,2.0,0.5625,0.001,10.0,0.1,17.671458676442587,10.1325,1.7440373724591745,247.40042147019616,89.52802751952726,8.952802751952726,0.00024868896533202016,115.21355089510588,0.04415936826463896,1767.1458676442587,
E,1.5,2.0,0.5625,0.001,25.0,0.01,44.178646691106465,1.01325,43.600934311479364,6185.010536754905,22.382006879881814,2.2382006879881815,2.4868896533202017e-05,38.43460276437331,0.014731320789880873,1767.1458676442587,large_swept_volume
E,1.5,2.0,0.5625,0.001,25.0,0.05,44.178646691106465,5.06625,8.720186862295872,1237.0021073509809,111.91003439940907,11.191003439940907,0.00012434448266601008,83.86491999620671,0.03214397835866277,1767.1458676442587,large_swept_volume
E,1.5,2.0,0.5625,0.001,25.0,0.1,44.178646691106465,10.1325,4.360093431147936,618.5010536754904,223.82006879881814,22.382006879881814,0.00024868896533202016,115.21355089510591,0.04415936826463896,1767.1458676442587,large_swept_volume
E,1.5,2.0,0.5625,0.001,50.0,0.01,88.35729338221293,1.01325,87.20186862295873,12370.02107350981,44.76401375976363,4.476401375976363,2.4868896533202017e-05,38.43460276437331,0.014731320789880873,1767.1458676442587,large_swept_volume
E,1.5,2.0,0.5625,0.001,50.0,0.05,88.35729338221293,5.06625,17.440373724591744,2474.0042147019617,223.82006879881814,22.382006879881814,0.00012434448266601008,83.86491999620671,0.03214397835866277,1767.1458676442587,large_swept_volume
E,1.5,2.0,0.5625,0.001,50.0,0.1,88.35729338221293,10.1325,8.720186862295872,1237.0021073509809,447.6401375976363,44.76401375976363,0.00024868896533202016,115.21355089510591,0.04415936826463896,1767.1458676442587,large_swept_volume
E,1.5,2.0,0.5625,0.003,5.0,0.01,8.835729338221293,3.03975,2.9067289540986243,1237.002107350981,13.429204127929088,1.3429204127929089,7.460668959960605e-05,38.43460276437331,0.04419396236964262,1767.1458676442587,
E,1.5,2.0,0.5625,0.003,5.0,0.05,8.835729338221293,15.198750000000002,0.5813457908197248,247.4004214701962,67.14602063964546,6.714602063964546,0.0003730334479980303,83.8649199962067,0.09643193507598831,1767.1458676442587,
E,1.5,2.0,0.5625,0.003,5.0,0.1,8.835729338221293,30.397500000000004,0.2906728954098624,123.7002107350981,134.2920412792909,13.429204127929092,0.0007460668959960606,115.21355089510588,0.1324781047939169,1767.1458676442587,
E,1.5,2.0,0.5625,0.003,10.0,0.01,17.671458676442587,3.03975,5.813457908197249,2474.004214701962,26.858408255858176,2.6858408255858177,7.460668959960605e-05,38.43460276437331,0.04419396236964262,1767.1458676442587,
E,1.5,2.0,0.5625,0.003,10.0,0.05,17.671458676442587,15.198750000000002,1.1626915816394496,494.8008429403924,134.2920412792909,13.429204127929092,0.0003730334479980303,83.8649199962067,0.09643193507598831,1767.1458676442587,
E,1.5,2.0,0.5625,0.003,10.0,0.1,17.671458676442587,30.397500000000004,0.5813457908197248,247.4004214701962,268.5840825585818,26.858408255858183,0.0007460668959960606,115.21355089510588,0.1324781047939169,1767.1458676442587,
E,1.5,2.0,0.5625,0.003,25.0,0.01,44.178646691106465,3.03975,14.53364477049312,6185.010536754905,67.14602063964544,6.714602063964545,7.460668959960607e-05,38.43460276437331,0.04419396236964262,1767.1458676442587,large_swept_volume
E,1.5,2.0,0.5625,0.003,25.0,0.05,44.178646691106465,15.198750000000002,2.906728954098624,1237.0021073509809,335.73010319822725,33.57301031982273,0.0003730334479980303,83.86491999620671,0.09643193507598831,1767.1458676442587,large_swept_volume
E,1.5,2.0,0.5625,0.003,25.0,0.1,44.178646691106465,30.397500000000004,1.453364477049312,618.5010536754904,671.4602063964545,67.14602063964546,0.0007460668959960606,115.21355089510588,0.1324781047939169,1767.1458676442587,large_swept_volume
E,1.5,2.0,0.5625,0.003,50.0,0.01,88.35729338221293,3.03975,29.06728954098624,12370.02107350981,134.29204127929088,13.42920412792909,7.460668959960607e-05,38.43460276437331,0.04419396236964262,1767.1458676442587,large_swept_volume
E,1.5,2.0,0.5625,0.003,50.0,0.05,88.35729338221293,15.198750000000002,5.813457908197248,2474.0042147019617,671.4602063964545,67.14602063964546,0.0003730334479980303,83.86491999620671,0.09643193507598831,1767.1458676442587,large_swept_volume
E,1.5,2.0,0.5625,0.003,50.0,0.1,88.35729338221293,30.397500000000004,2.906728954098624,1237.0021073509809,1342.920412792909,134.2920412792909,0.0007460668959960606,115.21355089510588,0.1324781047939169,1767.1458676442587,large_swept_volume
E,1.5,2.0,0.5625,0.01,5.0,0.01,8.835729338221293,10.1325,0.8720186862295872,1237.0021073509809,44.76401375976363,4.476401375976363,0.00024868896533202016,38.43460276437331,0.14731320789880872,1767.1458676442587,
E,1.5,2.0,0.5625,0.01,5.0,0.05,8.835729338221293,50.6625,0.17440373724591746,247.4004214701962,223.82006879881814,22.382006879881814,0.0012434448266601008,83.8649199962067,0.32143978358662767,1767.1458676442587,
E,1.5,2.0,0.5625,0.01,5.0,0.1,8.835729338221293,101.325,0.08720186862295873,123.7002107350981,447.6401375976363,44.76401375976363,0.0024868896533202017,115.21355089510588,0.4415936826463896,1767.1458676442587,
E,1.5,2.0,0.5625,0.01,10.0,0.01,17.671458676442587,10.1325,1.7440373724591745,2474.0042147019617,89.52802751952726,8.952802751952726,0.00024868896533202016,38.43460276437331,0.14731320789880872,1767.1458676442587,
E,1.5,2.0,0.5625,0.01,10.0,0.05,17.671458676442587,50.6625,0.3488074744918349,494.8008429403924,447.6401375976363,44.76401375976363,0.0012434448266601008,83.8649199962067,0.32143978358662767,1767.1458676442587,
E,1.5,2.0,0.5625,0.01,10.0,0.1,17.671458676442587,101.325,0.17440373724591746,247.4004214701962,895.2802751952726,89.52802751952726,0.0024868896533202017,115.21355089510588,0.4415936826463896,1767.1458676442587,
E,1.5,2.0,0.5625,0.01,25.0,0.01,44.178646691106465,10.1325,4.360093431147936,6185.010536754904,223.82006879881814,22.382006879881814,0.00024868896533202016,38.43460276437332,0.14731320789880875,1767.1458676442587,large_swept_volume
E,1.5,2.0,0.5625,0.01,25.0,0.05,44.178646691106465,50.6625,0.8720186862295872,1237.0021073509809,1119.1003439940907,111.91003439940908,0.001243444826660101,83.86491999620671,0.3214397835866277,1767.1458676442587,large_swept_volume
E,1.5,2.0,0.5625,0.01,25.0,0.1,44.178646691106465,101.325,0.4360093431147936,618.5010536754904,2238.2006879881815,223.82006879881817,0.002486889653320202,115.21355089510591,0.4415936826463896,1767.1458676442587,large_swept_volume
E,1.5,2.0,0.5625,0.01,50.0,0.01,88.35729338221293,10.1325,8.720186862295872,12370.021073509808,447.6401375976363,44.76401375976363,0.00024868896533202016,38.43460276437332,0.14731320789880875,1767.1458676442587,large_swept_volume
E,1.5,2.0,0.5625,0.01,50.0,0.05,88.35729338221293,50.6625,1.7440373724591745,2474.0042147019617,2238.2006879881815,223.82006879881817,0.001243444826660101,83.86491999620671,0.3214397835866277,1767.1458676442587,large_swept_volume
E,1.5,2.0,0.5625,0.01,50.0,0.1,88.35729338221293,101.325,0.8720186862295872,1237.0021073509809,4476.401375976363,447.64013759763634,0.002486889653320202,115.21355089510591,0.4415936826463896,1767.1458676442587,large_swept_volume
E,1.5,2.0,0.5625,0.03,5.0,0.01,8.835729338221293,30.3975,0.2906728954098624,1237.0021073509809,134.29204127929088,13.42920412792909,0.0007460668959960605,38.43460276437331,0.4419396236964262,1767.1458676442587,
E,1.5,2.0,0.5625,0.03,5.0,0.05,8.835729338221293,151.9875,0.05813457908197248,247.40042147019616,671.4602063964545,67.14602063964546,0.0037303344799803034,83.8649199962067,0.9643193507598831,1767.1458676442587,
E,1.5,2.0,0.5625,0.03,5.0,0.1,8.835729338221293,303.975,0.02906728954098624,123.70021073509808,1342.920412792909,134.2920412792909,0.007460668959960607,115.21355089510588,1.3247810479391688,1767.1458676442587,
E,1.5,2.0,0.5625,0.03,10.0,0.01,17.671458676442587,30.3975,0.5813457908197248,2474.0042147019617,268.58408255858177,26.85840825585818,0.0007460668959960605,38.43460276437331,0.4419396236964262,1767.1458676442587,
E,1.5,2.0,0.5625,0.03,10.0,0.05,17.671458676442587,151.9875,0.11626915816394497,494.80084294039233,1342.920412792909,134.2920412792909,0.0037303344799803034,83.8649199962067,0.9643193507598831,1767.1458676442587,
E,1.5,2.0,0.5625,0.03,10.0,0.1,17.671458676442587,303.975,0.05813457908197248,247.40042147019616,2685.840825585818,268.5840825585818,0.007460668959960607,115.21355089510588,1.3247810479391688,1767.1458676442587,
E,1.5,2.0,0.5625,0.03,25.0,0.01,44.178646691106465,30.3975,1.4533644770493122,6185.010536754905,671.4602063964544,67.14602063964544,0.0007460668959960604,38.43460276437331,0.4419396236964262,1767.1458676442587,large_swept_volume
E,1.5,2.0,0.5625,0.03,25.0,0.05,44.178646691106465,151.9875,0.2906728954098624,1237.0021073509809,3357.301031982272,335.7301031982272,0.003730334479980302,83.8649199962067,0.9643193507598831,1767.1458676442587,large_swept_volume
E,1.5,2.0,0.5625,0.03,25.0,0.1,44.178646691106465,303.975,0.1453364477049312,618.5010536754904,6714.602063964544,671.4602063964544,0.007460668959960604,115.21355089510588,1.3247810479391688,1767.1458676442587,large_swept_volume
E,1.5,2.0,0.5625,0.03,50.0,0.01,88.35729338221293,30.3975,2.9067289540986243,12370.02107350981,1342.9204127929088,134.29204127929088,0.0007460668959960604,38.43460276437331,0.4419396236964262,1767.1458676442587,large_swept_volume
E,1.5,2.0,0.5625,0.03,50.0,0.05,88.35729338221293,151.9875,0.5813457908197248,2474.0042147019617,6714.602063964544,671.4602063964544,0.003730334479980302,83.8649199962067,0.9643193507598831,1767.1458676442587,large_swept_volume
E,1.5,2.0,0.5625,0.03,50.0,0.1,88.35729338221293,303.975,0.2906728954098624,1237.0021073509809,13429.204127929088,1342.9204127929088,0.007460668959960604,115.21355089510588,1.3247810479391688,1767.1458676442587,large_swept_volume
E,1.5,2.0,0.5625,0.1,5.0,0.01,8.835729338221293,101.325,0.08720186862295873,1237.002107350981,447.6401375976363,44.76401375976363,0.0024868896533202017,38.43460276437331,1.4731320789880873,1767.1458676442587,
E,1.5,2.0,0.5625,0.1,5.0,0.05,8.835729338221293,506.625,0.017440373724591746,247.40042147019622,2238.2006879881815,223.82006879881817,0.01243444826660101,83.8649199962067,3.214397835866277,1767.1458676442587,
E,1.5,2.0,0.5625,0.1,5.0,0.1,8.835729338221293,1013.25,0.008720186862295873,123.70021073509811,4476.401375976363,447.64013759763634,0.02486889653320202,115.21355089510588,4.415936826463896,1767.1458676442587,
E,1.5,2.0,0.5625,0.1,10.0,0.01,17.671458676442587,101.325,0.17440373724591746,2474.004214701962,895.2802751952726,89.52802751952726,0.0024868896533202017,38.43460276437331,1.4731320789880873,1767.1458676442587,
E,1.5,2.0,0.5625,0.1,10.0,0.05,17.671458676442587,506.625,0.03488074744918349,494.80084294039244,4476.401375976363,447.64013759763634,0.01243444826660101,83.8649199962067,3.214397835866277,1767.1458676442587,
E,1.5,2.0,0.5625,0.1,10.0,0.1,17.671458676442587,1013.25,0.017440373724591746,247.40042147019622,8952.802751952726,895.2802751952727,0.02486889653320202,115.21355089510588,4.415936826463896,1767.1458676442587,
E,1.5,2.0,0.5625,0.1,25.0,0.01,44.178646691106465,101.325,0.4360093431147936,6185.010536754905,2238.2006879881815,223.82006879881817,0.002486889653320202,38.43460276437332,1.4731320789880875,1767.1458676442587,large_swept_volume
E,1.5,2.0,0.5625,0.1,25.0,0.05,44.178646691106465,506.625,0.08720186862295873,1237.002107350981,11191.003439940907,1119.1003439940907,0.012434448266601008,83.8649199962067,3.214397835866277,1767.1458676442587,large_swept_volume
E,1.5,2.0,0.5625,0.1,25.0,0.1,44.178646691106465,1013.25,0.043600934311479364,618.5010536754905,22382.006879881814,2238.2006879881815,0.024868896533202015,115.21355089510588,4.415936826463896,1767.1458676442587,large_swept_volume
E,1.5,2.0,0.5625,0.1,50.0,0.01,88.35729338221293,101.325,0.8720186862295872,12370.02107350981,4476.401375976363,447.64013759763634,0.002486889653320202,38.43460276437332,1.4731320789880875,1767.1458676442587,large_swept_volume
E,1.5,2.0,0.5625,0.1,50.0,0.05,88.35729338221293,506.625,0.17440373724591746,2474.004214701962,22382.006879881814,2238.2006879881815,0.012434448266601008,83.8649199962067,3.214397835866277,1767.1458676442587,large_swept_volume
E,1.5,2.0,0.5625,0.1,50.0,0.1,88.35729338221293,1013.25,0.08720186862295873,1237.002107350981,44764.01375976363,4476.401375976363,0.024868896533202015,115.21355089510588,4.415936826463896,1767.1458676442587,large_swept_volume
